timesheet_id,employee_id,employee_name,project_id,task_id,work_date,hours_worked,overtime_hours,billable_flag,approved_by,work_notes
TMS00001,EMP074,Yuvraj Bora,PRJ001,TSK00001,24-05-2026,4.7,1.8,No,Zashil Puri,Sed iste dolor possimus.
TMS00002,EMP085,Zansi Dewan,PRJ001,TSK00002,24-05-2026,6.1,2.2,Yes,Wridesh Tank,Illo nemo animi laborum veritatis corporis laudantium dolore.
TMS00003,EMP085,Zansi Dewan,PRJ001,TSK00002,24-05-2026,3.9,1.8,Yes,Vihaan Savant,Ab officiis perferendis eaque ullam.
TMS00004,EMP098,Kashish Raj,PRJ001,TSK00003,24-05-2026,3.9,1.3,Yes,Rachita Yadav,Alias eum ab animi.
TMS00005,EMP098,Kashish Raj,PRJ001,TSK00003,24-05-2026,7,0.2,No,Krishna Chahal,Sunt accusantium architecto neque.
TMS00006,EMP054,Vasatika Thaker,PRJ001,TSK00004,24-05-2026,4.4,0.5,Yes,Balveer Kapoor,Rem esse dignissimos expedita.
TMS00007,EMP054,Vasatika Thaker,PRJ001,TSK00004,24-05-2026,7.1,0.7,No,Meghana Bhasin,Eveniet aspernatur ut ipsam aliquam eveniet.
TMS00008,EMP082,Agastya Gill,PRJ001,TSK00005,24-05-2026,9,0.4,No,Michael Sami,Sunt vero nemo voluptas totam.
TMS00009,EMP082,Agastya Gill,PRJ001,TSK00005,24-05-2026,7.1,2.3,No,Yadavi Ray,Nesciunt accusamus aperiam expedita consequatur.
TMS00010,EMP082,Agastya Gill,PRJ001,TSK00005,24-05-2026,7.2,0.9,Yes,Gayathri Ganguly,Id explicabo inventore similique corrupti atque.
TMS00011,EMP007,Chanchal Sinha,PRJ001,TSK00006,24-05-2026,8.8,1,Yes,Chavvi Chhabra,Minima eius temporibus quod atque fuga voluptates.
TMS00012,EMP041,Chatura Oza,PRJ001,TSK00007,24-05-2026,6.3,2.7,Yes,Hemangini Korpal,Commodi facilis odio quas eius facilis deleniti hic.
TMS00013,EMP001,Adweta Solanki,PRJ001,TSK00008,24-05-2026,7.6,0.7,No,Upma Sidhu,Maiores debitis ex sint.
TMS00014,EMP001,Adweta Solanki,PRJ001,TSK00008,24-05-2026,6.2,0.6,Yes,Sai Kumer,Velit expedita praesentium temporibus dicta.
TMS00015,EMP001,Adweta Solanki,PRJ001,TSK00008,24-05-2026,2.5,1.5,Yes,Harinakshi Pant,Deserunt iste quaerat illo.
TMS00016,EMP017,Ishani Dhar,PRJ001,TSK00009,24-05-2026,7.1,0.4,Yes,Yuvraj Thaker,Tenetur odio maiores voluptates ad.
TMS00017,EMP069,Dominic Dewan,PRJ001,TSK00010,24-05-2026,2.7,1.8,Yes,Keya Oommen,Perspiciatis perspiciatis ratione accusantium inventore esse.
TMS00018,EMP081,Suhani Parmer,PRJ001,TSK00011,24-05-2026,6.1,1.3,No,Onkar Loke,Voluptatum ipsa aut dolore nostrum aliquam.
TMS00019,EMP076,Qadim Mander,PRJ001,TSK00012,24-05-2026,3.3,0.6,No,Fitan Bhargava,Mollitia quae delectus molestias saepe soluta.
TMS00020,EMP076,Qadim Mander,PRJ001,TSK00012,24-05-2026,3.4,0.7,No,Jagvi Bera,Illo possimus aliquam harum numquam.
TMS00021,EMP067,Vivaan Gandhi,PRJ001,TSK00013,24-05-2026,5.6,1.9,No,Amrita Lal,Quidem quibusdam vero.
TMS00022,EMP067,Vivaan Gandhi,PRJ001,TSK00013,24-05-2026,8.9,1.4,No,Samuel Goyal,Laborum delectus natus quas alias voluptatem.
TMS00023,EMP067,Vivaan Gandhi,PRJ001,TSK00013,24-05-2026,5.2,0.5,No,Mahika Ramakrishnan,Sed porro autem suscipit ea ratione distinctio.
TMS00024,EMP022,Ekavir Barman,PRJ001,TSK00014,24-05-2026,6,2.2,Yes,Meghana Sharaf,Pariatur iste nemo.
TMS00025,EMP022,Ekavir Barman,PRJ001,TSK00014,24-05-2026,8.6,2.4,Yes,Jasmit Mani,Accusantium repellat modi corrupti inventore rerum.
TMS00026,EMP076,Qadim Mander,PRJ001,TSK00015,24-05-2026,5.4,0.2,No,Advik Kale,Distinctio sed eum officia mollitia neque autem.
TMS00027,EMP076,Qadim Mander,PRJ001,TSK00015,24-05-2026,6.8,0.5,Yes,Amara Talwar,Temporibus totam suscipit reprehenderit dolores.
TMS00028,EMP080,Anay Soman,PRJ001,TSK00016,24-05-2026,5,0.9,No,Advik Murty,Voluptatum molestias ratione corrupti dignissimos tempore nulla.
TMS00029,EMP080,Anay Soman,PRJ001,TSK00016,24-05-2026,5,1.8,Yes,Abeer Munshi,Natus hic tempore eligendi id porro expedita.
TMS00030,EMP054,Vasatika Thaker,PRJ001,TSK00017,24-05-2026,3.1,1.4,Yes,Adweta Joshi,Laudantium nemo praesentium officia.
TMS00031,EMP054,Vasatika Thaker,PRJ001,TSK00017,24-05-2026,9.3,0,No,Aarini Sheth,Magnam voluptate minus nisi ipsum.
TMS00032,EMP088,Qabil Rege,PRJ001,TSK00018,24-05-2026,5.2,1.2,No,Siya Pradhan,Ipsa saepe explicabo sed aliquam delectus ex eos.
TMS00033,EMP088,Qabil Rege,PRJ001,TSK00018,24-05-2026,9.8,1.1,No,Nidhi Deep,Minus quasi odio nihil.
TMS00034,EMP066,Harita Doshi,PRJ001,TSK00019,24-05-2026,7.1,1.8,No,Aarnav Sabharwal,Laborum tenetur accusamus ullam a aliquam maiores.
TMS00035,EMP066,Harita Doshi,PRJ001,TSK00019,24-05-2026,9.1,3,Yes,Devika Kala,Praesentium totam nemo possimus.
TMS00036,EMP100,Ethan Wali,PRJ001,TSK00020,24-05-2026,9.5,0.5,No,Vedika Desai,Repellendus impedit ex minima veniam.
TMS00037,EMP100,Ethan Wali,PRJ001,TSK00020,24-05-2026,9.7,2.3,No,Aadi Bassi,Laboriosam ab debitis dicta.
TMS00038,EMP071,Ira Khosla,PRJ001,TSK00021,24-05-2026,7.7,1.9,No,Raghav Raval,Molestias est sapiente occaecati.
TMS00039,EMP071,Ira Khosla,PRJ001,TSK00021,24-05-2026,7.6,2,No,Mohini Patel,Eum mollitia tempore a qui.
TMS00040,EMP071,Ira Khosla,PRJ001,TSK00021,24-05-2026,7.9,0.7,Yes,Ucchal Chaudhary,Culpa explicabo beatae magnam.
TMS00041,EMP012,Nimrat Sarraf,PRJ001,TSK00022,24-05-2026,7,2,Yes,Triveni Issac,Cum repellendus nemo assumenda iste.
TMS00042,EMP012,Nimrat Sarraf,PRJ001,TSK00022,24-05-2026,4.1,1.4,Yes,Samuel Lanka,Facilis id dolorum officia ratione voluptatum ut.
TMS00043,EMP093,Charles Balan,PRJ001,TSK00023,24-05-2026,4,1.7,Yes,Anthony Mallick,Adipisci aliquid rerum quo quis repellendus ad voluptas.
TMS00044,EMP093,Charles Balan,PRJ001,TSK00023,24-05-2026,2.1,2.3,No,Anay Choudhury,Nobis voluptatum possimus.
TMS00045,EMP013,Chanakya Chana,PRJ001,TSK00024,24-05-2026,7.6,2.9,Yes,Hemani Dass,Est rerum nisi suscipit.
TMS00046,EMP013,Chanakya Chana,PRJ001,TSK00024,24-05-2026,6.1,0.6,No,Advika Deo,Ex debitis suscipit voluptatibus consectetur autem.
TMS00047,EMP013,Chanakya Chana,PRJ001,TSK00025,24-05-2026,8.6,0.8,No,Yadavi Desai,Quo aperiam assumenda iste vero tempore.
TMS00048,EMP035,Nidhi Ray,PRJ001,TSK00026,24-05-2026,9.7,2,No,Maanav Kaur,Blanditiis alias optio numquam suscipit voluptates.
TMS00049,EMP035,Nidhi Ray,PRJ001,TSK00026,24-05-2026,6.7,2.2,Yes,Yashvi Ahluwalia,Incidunt aperiam eius explicabo.
TMS00050,EMP035,Nidhi Ray,PRJ001,TSK00026,24-05-2026,2.9,1.7,No,Ekanta Kant,Eligendi ab inventore ad.
TMS00051,EMP035,Nidhi Ray,PRJ001,TSK00027,24-05-2026,4.2,0.6,No,Kamala Mani,Minus molestiae repellendus facere temporibus officiis harum.
TMS00052,EMP008,Balveer Bains,PRJ001,TSK00028,24-05-2026,4.5,3,No,Matthew Raval,Hic eligendi a sunt pariatur.
TMS00053,EMP008,Balveer Bains,PRJ001,TSK00028,24-05-2026,2,0.2,No,Zansi Raval,Suscipit expedita quod nemo totam maxime quas similique.
TMS00054,EMP008,Balveer Bains,PRJ001,TSK00028,24-05-2026,6.2,2,No,Zarna Pillai,Incidunt necessitatibus a distinctio quasi quia perspiciatis.
TMS00055,EMP100,Ethan Wali,PRJ001,TSK00029,24-05-2026,3.4,0.6,Yes,Upkaar Krishnan,Consequuntur ex natus iste.
TMS00056,EMP057,Tristan Korpal,PRJ001,TSK00030,24-05-2026,5.9,1.5,Yes,Omaja Sangha,Beatae sint laudantium id voluptas eius pariatur saepe.
TMS00057,EMP074,Yuvraj Bora,PRJ002,TSK00031,24-05-2026,6.5,0.6,Yes,Tanveer Dave,Exercitationem ipsam iste quia pariatur exercitationem adipisci amet.
TMS00058,EMP074,Yuvraj Bora,PRJ002,TSK00031,24-05-2026,2.5,0.5,Yes,Caleb Maharaj,Qui aut assumenda fuga facilis.
TMS00059,EMP087,Omya Issac,PRJ002,TSK00032,24-05-2026,9.9,2.6,No,Gautam Radhakrishnan,Animi mollitia accusamus optio explicabo sequi.
TMS00060,EMP087,Omya Issac,PRJ002,TSK00032,24-05-2026,7,1.9,Yes,Waida Bose,Libero officiis a optio iusto ad corporis.
TMS00061,EMP022,Ekavir Barman,PRJ002,TSK00033,24-05-2026,4.3,1.1,No,Niharika Warrior,Vero tempore debitis aliquam.
TMS00062,EMP029,Alexander Chadha,PRJ002,TSK00034,24-05-2026,4.7,1.8,No,Umang Pillay,Esse beatae quo quas omnis exercitationem quisquam.
TMS00063,EMP058,Lakshmi Sangha,PRJ002,TSK00035,24-05-2026,7.4,0.3,Yes,Arin Dass,Odio magni perferendis nihil omnis.
TMS00064,EMP058,Lakshmi Sangha,PRJ002,TSK00035,24-05-2026,4.1,2.9,Yes,Peter Wali,Repellat doloribus aliquam eos vitae ullam soluta.
TMS00065,EMP003,Naveen Dugar,PRJ002,TSK00036,24-05-2026,3.7,2.4,No,Kabir Dewan,Aperiam dolorem magni.
TMS00066,EMP080,Anay Soman,PRJ002,TSK00037,24-05-2026,6.2,2.9,No,Indrajit Kadakia,Veritatis et vitae provident rem quis est.
TMS00067,EMP080,Anay Soman,PRJ002,TSK00037,24-05-2026,9.5,1.4,No,Pallavi Minhas,In fugit eligendi voluptatem explicabo dolore perspiciatis.
TMS00068,EMP080,Anay Soman,PRJ002,TSK00037,24-05-2026,6.8,1,No,Ishaan Parekh,Aspernatur soluta accusantium sed unde reprehenderit iure.
TMS00069,EMP059,Rajata Dar,PRJ002,TSK00038,24-05-2026,8.5,2.8,No,Sanaya Sane,Sunt quibusdam officiis quo.
TMS00070,EMP059,Rajata Dar,PRJ002,TSK00038,24-05-2026,5,0.2,No,Nachiket Ranganathan,Deserunt aperiam aut aperiam.
TMS00071,EMP029,Alexander Chadha,PRJ002,TSK00039,24-05-2026,8.5,0,No,Ranbir Garg,Praesentium quod repellat dolor deleniti quam voluptate nulla.
TMS00072,EMP029,Alexander Chadha,PRJ002,TSK00039,24-05-2026,7.8,2.7,Yes,Maanas Panchal,Adipisci architecto necessitatibus recusandae.
TMS00073,EMP064,Reva Jayaraman,PRJ002,TSK00040,24-05-2026,6.8,2.6,No,Quincy Vala,Modi illum recusandae itaque perspiciatis natus.
TMS00074,EMP028,Reva Chacko,PRJ002,TSK00041,24-05-2026,8,0.7,No,Ekaraj Saha,Eaque possimus numquam.
TMS00075,EMP028,Reva Chacko,PRJ002,TSK00041,24-05-2026,6.9,2,No,Geetika Madan,Eos quos similique ad illo expedita.
TMS00076,EMP028,Reva Chacko,PRJ002,TSK00041,24-05-2026,6.1,2,Yes,Veda Ganguly,Unde voluptate fugit quasi animi occaecati.
TMS00077,EMP076,Qadim Mander,PRJ002,TSK00042,24-05-2026,9.7,2.4,Yes,Gunbir Pal,Quaerat quam iusto possimus sed soluta nisi.
TMS00078,EMP076,Qadim Mander,PRJ002,TSK00042,24-05-2026,7.1,2.6,No,Logan Aggarwal,Commodi omnis eveniet mollitia veniam architecto.
TMS00079,EMP076,Qadim Mander,PRJ002,TSK00042,24-05-2026,7.4,0.7,No,Yadavi Gala,Dolorem ab nihil voluptatum exercitationem occaecati.
TMS00080,EMP007,Chanchal Sinha,PRJ002,TSK00043,24-05-2026,7.9,2.4,No,Pavani Shanker,Esse natus quaerat neque quis repellendus.
TMS00081,EMP007,Chanchal Sinha,PRJ002,TSK00043,24-05-2026,5.4,2.8,No,Bhavini Vig,Dicta voluptates vero repellendus.
TMS00082,EMP085,Zansi Dewan,PRJ002,TSK00044,24-05-2026,8.9,2.7,No,Matthew Sehgal,Provident amet voluptate.
TMS00083,EMP085,Zansi Dewan,PRJ002,TSK00044,24-05-2026,4.4,0.6,Yes,Warinder Kashyap,Officia pariatur atque impedit sit quisquam voluptatem beatae.
TMS00084,EMP085,Zansi Dewan,PRJ002,TSK00044,24-05-2026,9,2.6,Yes,Advay Guha,Cum ducimus ex nesciunt quisquam nam.
TMS00085,EMP038,Thomas Dada,PRJ002,TSK00045,24-05-2026,6,0.3,No,Gaurav Dash,Error eveniet nihil nihil.
TMS00086,EMP095,Hemal Lata,PRJ002,TSK00046,24-05-2026,9.2,2.9,No,Nandini Grewal,Rem natus qui vero exercitationem quae veniam.
TMS00087,EMP023,Dev Agrawal,PRJ002,TSK00047,24-05-2026,6.3,0.7,Yes,Anvi Rastogi,Animi deleniti eius facere fugiat.
TMS00088,EMP023,Dev Agrawal,PRJ002,TSK00047,24-05-2026,8,2,Yes,Bhavna Deep,Saepe illo debitis eius error nisi aliquid.
TMS00089,EMP023,Dev Agrawal,PRJ002,TSK00047,24-05-2026,2.8,3,Yes,Edhitha Kaul,Eos veniam id minima in voluptas accusantium.
TMS00090,EMP002,Kalpit Deol,PRJ002,TSK00048,24-05-2026,9.4,1,No,Jagdish Palan,Quo fugiat commodi temporibus autem minima exercitationem.
TMS00091,EMP097,Panini Sandhu,PRJ002,TSK00049,24-05-2026,3.8,0.8,No,Om Golla,Sed aliquam facere dolorum sit necessitatibus nobis.
TMS00092,EMP097,Panini Sandhu,PRJ002,TSK00049,24-05-2026,9.6,2,Yes,Azaan Parekh,Voluptate fugiat pariatur dicta.
TMS00093,EMP005,Vinaya Dyal,PRJ002,TSK00050,24-05-2026,7.1,1.5,No,Amaira Rana,Quos ullam laboriosam mollitia.
TMS00094,EMP005,Vinaya Dyal,PRJ002,TSK00050,24-05-2026,9,2.8,Yes,Sanaya Kumar,Dolores occaecati eius architecto praesentium doloribus eius.
TMS00095,EMP005,Vinaya Dyal,PRJ002,TSK00050,24-05-2026,7.2,1.1,No,Manbir Handa,Quo dolores dicta nobis ex doloremque.
TMS00096,EMP037,Samarth Goel,PRJ002,TSK00051,24-05-2026,7.1,1.7,No,Neel Nadig,Illum eligendi soluta maxime possimus magni.
TMS00097,EMP037,Samarth Goel,PRJ002,TSK00051,24-05-2026,8.5,0.7,Yes,Urvi Buch,Voluptatem voluptate aliquid fugit maxime.
TMS00098,EMP037,Samarth Goel,PRJ002,TSK00051,24-05-2026,4.3,0.3,No,Yutika Pant,Molestiae nam a dicta animi nam at culpa.
TMS00099,EMP096,Tara Bhargava,PRJ002,TSK00052,24-05-2026,6.7,0.6,Yes,Owen Manne,Eveniet possimus cumque accusamus blanditiis ullam.
TMS00100,EMP096,Tara Bhargava,PRJ002,TSK00052,24-05-2026,6.6,0.4,No,Baghyawati Khosla,Assumenda numquam soluta.
TMS00101,EMP096,Tara Bhargava,PRJ002,TSK00052,24-05-2026,9.6,1.7,Yes,Zaid Roy,Blanditiis natus similique iste.
TMS00102,EMP026,Madhav Roy,PRJ002,TSK00053,24-05-2026,2.5,1.6,No,Yashasvi Hari,Totam dolor quia totam reprehenderit.
TMS00103,EMP026,Madhav Roy,PRJ002,TSK00053,24-05-2026,9.8,1,No,Vrinda Keer,Aperiam rem pariatur veniam.
TMS00104,EMP066,Harita Doshi,PRJ002,TSK00054,24-05-2026,9.5,0.4,Yes,Bhavna Tank,Harum repellendus vel earum.
TMS00105,EMP066,Harita Doshi,PRJ002,TSK00054,24-05-2026,2.9,0,No,Ekani Sharaf,Et nostrum numquam cum maiores necessitatibus.
TMS00106,EMP066,Harita Doshi,PRJ002,TSK00054,24-05-2026,4.5,2.4,No,Chakradev Barman,Veniam possimus magni dolore delectus voluptatibus.
TMS00107,EMP021,Saanvi Garde,PRJ002,TSK00055,24-05-2026,6,1.4,No,Jackson Rai,Nihil deserunt laborum totam.
TMS00108,EMP077,Wakeeta Dayal,PRJ002,TSK00056,24-05-2026,8,2.5,Yes,Sarthak Gera,Dolores laboriosam rem.
TMS00109,EMP041,Chatura Oza,PRJ002,TSK00057,24-05-2026,4.6,1.5,Yes,Prisha Gandhi,Nobis tempore id soluta iusto quam.
TMS00110,EMP041,Chatura Oza,PRJ002,TSK00057,24-05-2026,4.2,2.5,No,Brijesh Varkey,Explicabo minus debitis occaecati consequatur fuga repellendus tempore.
TMS00111,EMP041,Chatura Oza,PRJ002,TSK00057,24-05-2026,7,0.6,No,Yashawini Badal,Cumque sint ducimus deserunt.
TMS00112,EMP012,Nimrat Sarraf,PRJ002,TSK00058,24-05-2026,9.7,0.2,No,Riya Parmar,Incidunt assumenda ab.
TMS00113,EMP012,Nimrat Sarraf,PRJ002,TSK00058,24-05-2026,3.2,2.2,Yes,Upadhriti Gour,Odio quidem earum id accusantium.
TMS00114,EMP012,Nimrat Sarraf,PRJ002,TSK00058,24-05-2026,7.6,0.2,Yes,Devika Bose,Molestias modi atque in.
TMS00115,EMP097,Panini Sandhu,PRJ002,TSK00059,24-05-2026,7.8,0.9,Yes,Baghyawati Chhabra,Omnis enim doloremque ipsam.
TMS00116,EMP097,Panini Sandhu,PRJ002,TSK00059,24-05-2026,9.9,1.6,No,Gautami Kalita,Minus odit laboriosam quisquam deserunt.
TMS00117,EMP079,Balvan Shere,PRJ002,TSK00060,24-05-2026,7.4,3,No,Guneet Raman,Tempora aut architecto illum tenetur.
TMS00118,EMP079,Balvan Shere,PRJ002,TSK00060,24-05-2026,5.1,1.6,No,Diya Andra,Aut est aspernatur cum assumenda odit.
TMS00119,EMP093,Charles Balan,PRJ003,TSK00061,24-05-2026,7.6,0.6,No,Omkaar Lanka,Unde accusamus mollitia officiis sapiente reprehenderit.
TMS00120,EMP093,Charles Balan,PRJ003,TSK00061,24-05-2026,2.8,1,Yes,Chaman Datta,Optio impedit sequi est quasi.
TMS00121,EMP025,Udarsh Kaul,PRJ003,TSK00062,24-05-2026,4.4,2,Yes,Harsh Kannan,Provident voluptatibus tempora facilis voluptates quas labore iure.
TMS00122,EMP025,Udarsh Kaul,PRJ003,TSK00062,24-05-2026,5.5,1.4,Yes,Radhika Kapur,Esse vero ullam tempore dolorem.
TMS00123,EMP025,Udarsh Kaul,PRJ003,TSK00062,24-05-2026,3.7,2.4,Yes,Saumya Peri,Neque corrupti nobis quis nesciunt ipsa.
TMS00124,EMP081,Suhani Parmer,PRJ003,TSK00063,24-05-2026,7.2,1.1,Yes,Unnati Srinivas,Beatae non cumque porro asperiores voluptatem atque.
TMS00125,EMP081,Suhani Parmer,PRJ003,TSK00063,24-05-2026,7.4,3,Yes,Abeer Lad,Dolores similique voluptas pariatur doloremque eligendi amet optio.
TMS00126,EMP081,Suhani Parmer,PRJ003,TSK00063,24-05-2026,5,2.9,Yes,Anya Barad,Dolorum id possimus beatae doloremque voluptates reprehenderit.
TMS00127,EMP095,Hemal Lata,PRJ003,TSK00064,24-05-2026,2.8,2.9,Yes,Nimrat Char,Quasi repudiandae eveniet tenetur ex reiciendis accusantium asperiores.
TMS00128,EMP010,Patrick Mani,PRJ003,TSK00065,24-05-2026,2.9,1.5,No,Ansh Bhatt,Officiis sint odio alias explicabo.
TMS00129,EMP058,Lakshmi Sangha,PRJ003,TSK00066,24-05-2026,5.5,0.4,No,Ijaya Krishnan,Doloremque delectus eos dolor corrupti placeat impedit harum.
TMS00130,EMP058,Lakshmi Sangha,PRJ003,TSK00066,24-05-2026,4,0.4,No,Thomas Mitra,Ipsa numquam nesciunt est aliquid sed quisquam.
TMS00131,EMP058,Lakshmi Sangha,PRJ003,TSK00066,24-05-2026,5.9,2.1,Yes,Tripti Lall,Placeat tempore quibusdam natus exercitationem.
TMS00132,EMP083,Siddharth Banerjee,PRJ003,TSK00067,24-05-2026,8,2.3,Yes,Anusha Ben,Minus quo animi iusto eaque quisquam.
TMS00133,EMP083,Siddharth Banerjee,PRJ003,TSK00067,24-05-2026,8.2,2.6,No,Pratyush Deshmukh,Quaerat debitis quis minus a.
TMS00134,EMP083,Siddharth Banerjee,PRJ003,TSK00067,24-05-2026,4.2,2,No,Nisha Gera,Sed doloribus cum.
TMS00135,EMP088,Qabil Rege,PRJ003,TSK00068,24-05-2026,3,0.2,No,Samar Vaidya,Ipsum numquam repellat beatae repudiandae a vero.
TMS00136,EMP004,Darpan Borra,PRJ003,TSK00069,24-05-2026,7.4,1.5,Yes,Chaman Sengupta,Nemo minus harum saepe quas.
TMS00137,EMP004,Darpan Borra,PRJ003,TSK00069,24-05-2026,6.7,3,No,Matthew Divan,Autem aliquid ipsum sed esse sequi ut.
TMS00138,EMP004,Darpan Borra,PRJ003,TSK00069,24-05-2026,4.2,2.2,Yes,Balvan Sandhu,Veniam saepe porro qui odit libero.
TMS00139,EMP019,Eta Narang,PRJ003,TSK00070,24-05-2026,5.9,1.9,No,Joshua Gandhi,Distinctio assumenda assumenda perspiciatis omnis voluptates necessitatibus.
TMS00140,EMP019,Eta Narang,PRJ003,TSK00070,24-05-2026,4.4,0.4,No,Widisha Raja,In id dignissimos eum placeat totam modi.
TMS00141,EMP077,Wakeeta Dayal,PRJ003,TSK00071,24-05-2026,7.7,2.6,Yes,Hitesh Natarajan,Natus nemo iusto libero officia.
TMS00142,EMP083,Siddharth Banerjee,PRJ003,TSK00072,24-05-2026,8.5,0.1,No,Damyanti Dugar,Soluta tempora veritatis numquam veritatis voluptatibus nemo.
TMS00143,EMP083,Siddharth Banerjee,PRJ003,TSK00072,24-05-2026,2.5,2.5,Yes,Reva Pau,Harum eius illum natus vel.
TMS00144,EMP086,Shivansh Sachdev,PRJ003,TSK00073,24-05-2026,9.7,2.7,Yes,Rishi Parmar,Debitis architecto architecto deserunt at quae.
TMS00145,EMP026,Madhav Roy,PRJ003,TSK00074,24-05-2026,7.6,0,No,Aarna Bassi,Voluptatibus minus molestias rerum.
TMS00146,EMP026,Madhav Roy,PRJ003,TSK00074,24-05-2026,8.4,0.4,Yes,Naveen Rajagopal,Unde perspiciatis omnis aut amet fugiat ea.
TMS00147,EMP026,Madhav Roy,PRJ003,TSK00074,24-05-2026,6.6,2,Yes,Guneet Sarraf,Esse sit voluptatibus harum.
TMS00148,EMP009,Madhav Agate,PRJ003,TSK00075,24-05-2026,4.1,2.3,Yes,Neel Mander,Rerum recusandae rerum.
TMS00149,EMP009,Madhav Agate,PRJ003,TSK00075,24-05-2026,9.8,1.5,No,Farhan Sami,Facilis fuga voluptates aliquid.
TMS00150,EMP009,Madhav Agate,PRJ003,TSK00075,24-05-2026,9.7,0.5,Yes,Laksh Dar,Nesciunt praesentium adipisci iusto.
TMS00151,EMP020,Qabil Chaudhry,PRJ003,TSK00076,24-05-2026,4.4,2.8,No,Luke Chad,Tempora possimus minus quo perspiciatis.
TMS00152,EMP092,Ekani Buch,PRJ003,TSK00077,24-05-2026,6.3,0.4,No,Sai Doshi,Odio itaque inventore similique necessitatibus.
TMS00153,EMP092,Ekani Buch,PRJ003,TSK00077,24-05-2026,7.6,1.6,No,Girik Pingle,Fugiat repellendus eius voluptate.
TMS00154,EMP092,Ekani Buch,PRJ003,TSK00077,24-05-2026,6.8,1.5,Yes,Barkha Dada,Vero omnis minus ullam dolore occaecati inventore.
TMS00155,EMP046,Xiti Baral,PRJ003,TSK00078,24-05-2026,8.6,0.7,Yes,Qushi Vyas,Odio unde dolores fuga.
TMS00156,EMP046,Xiti Baral,PRJ003,TSK00078,24-05-2026,3.1,2.6,Yes,Rayaan Kata,Nobis nam praesentium ducimus nostrum voluptatum.
TMS00157,EMP046,Xiti Baral,PRJ003,TSK00078,24-05-2026,9.7,1.8,Yes,Jhalak Chana,Vitae eos tenetur quo laboriosam.
TMS00158,EMP026,Madhav Roy,PRJ003,TSK00079,24-05-2026,4.9,0.4,No,Omkaar Wadhwa,Distinctio temporibus omnis consectetur sunt quibusdam.
TMS00159,EMP026,Madhav Roy,PRJ003,TSK00079,24-05-2026,2.6,0.8,No,Vivaan Aggarwal,Laborum illum magni laboriosam laboriosam modi.
TMS00160,EMP026,Madhav Roy,PRJ003,TSK00079,24-05-2026,7.2,0.5,No,Girish Viswanathan,Reprehenderit tempora fugit eius voluptatibus repellat.
TMS00161,EMP028,Reva Chacko,PRJ003,TSK00080,24-05-2026,9.6,2,Yes,Anjali Deol,Vitae sapiente fugiat veritatis laborum nesciunt.
TMS00162,EMP099,Praneel Sule,PRJ003,TSK00081,24-05-2026,3.6,1.9,No,Ekalinga Mallick,Ea voluptate eaque aperiam eaque.
TMS00163,EMP099,Praneel Sule,PRJ003,TSK00081,24-05-2026,10,2.1,Yes,Abdul Lad,Deserunt ullam molestias libero nihil quo eligendi sit.
TMS00164,EMP099,Praneel Sule,PRJ003,TSK00081,24-05-2026,7.7,1.7,Yes,Lavanya Pai,Tenetur deleniti dignissimos numquam quae.
TMS00165,EMP085,Zansi Dewan,PRJ003,TSK00082,24-05-2026,8.6,0.9,No,Azad Samra,Animi iusto soluta.
TMS00166,EMP085,Zansi Dewan,PRJ003,TSK00082,24-05-2026,5,2.9,Yes,Inaya Dixit,Rerum ratione officia nesciunt rerum porro aperiam.
TMS00167,EMP073,Rachana Rajan,PRJ003,TSK00083,24-05-2026,4.2,1.6,No,Anjali Sharaf,Reprehenderit maxime corrupti similique alias in.
TMS00168,EMP034,Indrajit Shan,PRJ003,TSK00084,24-05-2026,4.6,0.3,No,Chavvi Tailor,Alias consequuntur fugiat animi numquam.
TMS00169,EMP006,Jagdish Mahal,PRJ003,TSK00085,24-05-2026,3.2,2.4,No,Omisha Majumdar,Sequi ut sunt ea.
TMS00170,EMP006,Jagdish Mahal,PRJ003,TSK00085,24-05-2026,2.1,1.1,Yes,Henry Lall,Qui voluptas sequi expedita.
TMS00171,EMP049,Gaurangi Dugar,PRJ003,TSK00086,24-05-2026,9.6,2.3,Yes,Vedhika Oommen,Nesciunt amet laboriosam eveniet quasi animi.
TMS00172,EMP049,Gaurangi Dugar,PRJ003,TSK00086,24-05-2026,3.4,2.2,No,Gayathri Batta,Ea rerum porro accusantium.
TMS00173,EMP046,Xiti Baral,PRJ003,TSK00087,24-05-2026,8.6,1.5,No,Ishanvi Prabhu,Quam modi est dolor dolores quibusdam explicabo.
TMS00174,EMP046,Xiti Baral,PRJ003,TSK00087,24-05-2026,7.6,2.6,No,Eshana Contractor,Voluptate culpa minus cumque cum.
TMS00175,EMP046,Xiti Baral,PRJ003,TSK00087,24-05-2026,6.9,2.7,Yes,Jai Bora,Ullam autem reiciendis at.
TMS00176,EMP010,Patrick Mani,PRJ003,TSK00088,24-05-2026,9.6,1.2,No,Chanchal Rattan,Hic esse eum repellendus.
TMS00177,EMP010,Patrick Mani,PRJ003,TSK00088,24-05-2026,8.4,2,No,Aarnav Behl,Sint quaerat maiores repellendus ullam sapiente id.
TMS00178,EMP016,Daniel Sem,PRJ003,TSK00089,24-05-2026,6.7,0.8,Yes,Janya Pandya,Asperiores exercitationem totam a.
TMS00179,EMP016,Daniel Sem,PRJ003,TSK00089,24-05-2026,7.3,0.4,No,Ekanta Bora,Quisquam adipisci rerum voluptatibus.
TMS00180,EMP076,Qadim Mander,PRJ003,TSK00090,24-05-2026,9.3,1.9,No,Aishani Suresh,Incidunt velit nesciunt illo nesciunt minima incidunt.
TMS00181,EMP021,Saanvi Garde,PRJ004,TSK00091,24-05-2026,8.2,2,No,Advika Rai,Placeat quam repellat reprehenderit voluptatibus.
TMS00182,EMP021,Saanvi Garde,PRJ004,TSK00091,24-05-2026,7.7,0.5,No,Ekani Dey,Doloremque error quisquam cumque.
TMS00183,EMP021,Saanvi Garde,PRJ004,TSK00091,24-05-2026,8.4,1.5,No,Omisha Purohit,Maxime aliquam veniam minus facilis officiis.
TMS00184,EMP067,Vivaan Gandhi,PRJ004,TSK00092,24-05-2026,6.2,2.2,Yes,Abdul Chakrabarti,Ea tempora saepe.
TMS00185,EMP067,Vivaan Gandhi,PRJ004,TSK00092,24-05-2026,4.4,2.6,No,Alexander Tandon,Quas minima velit molestiae molestiae.
TMS00186,EMP061,Yashodhara Chadha,PRJ004,TSK00093,24-05-2026,8.2,2.5,Yes,Isaac Sahota,Omnis maxime adipisci dolores reprehenderit ducimus.
TMS00187,EMP061,Yashodhara Chadha,PRJ004,TSK00093,24-05-2026,2.6,0.7,Yes,Yahvi Ravel,Molestias repellendus ipsum occaecati ut.
TMS00188,EMP066,Harita Doshi,PRJ004,TSK00094,24-05-2026,6.6,0.3,No,Yasti Chopra,Praesentium sed repellendus rerum.
TMS00189,EMP017,Ishani Dhar,PRJ004,TSK00095,24-05-2026,9.4,2.4,Yes,Amara Dutta,Nostrum placeat ipsum cupiditate.
TMS00190,EMP017,Ishani Dhar,PRJ004,TSK00095,24-05-2026,9.7,1.3,Yes,Chakradhar Rout,Impedit aliquam dolor assumenda sint.
TMS00191,EMP017,Ishani Dhar,PRJ004,TSK00095,24-05-2026,5.8,1.5,Yes,Atharv Bakshi,Rem laboriosam numquam nostrum consequatur voluptatem asperiores unde.
TMS00192,EMP079,Balvan Shere,PRJ004,TSK00096,24-05-2026,2.1,0.6,Yes,Yamini Mukherjee,Quasi itaque beatae id molestias corporis modi.
TMS00193,EMP079,Balvan Shere,PRJ004,TSK00096,24-05-2026,7.7,2.1,No,Yug Ramakrishnan,Cupiditate quas harum.
TMS00194,EMP001,Adweta Solanki,PRJ004,TSK00097,24-05-2026,10,2,Yes,Leela Mall,Illum cumque porro officia.
TMS00195,EMP062,Chandani Mane,PRJ004,TSK00098,24-05-2026,5.6,0.5,Yes,Anamika Nagar,Expedita hic adipisci voluptatem excepturi libero.
TMS00196,EMP062,Chandani Mane,PRJ004,TSK00098,24-05-2026,3.4,1.1,Yes,Arunima Aurora,Cupiditate atque error occaecati exercitationem impedit sapiente illum.
TMS00197,EMP062,Chandani Mane,PRJ004,TSK00098,24-05-2026,6.1,2.9,No,Champak Agrawal,Voluptas cum perspiciatis tenetur alias explicabo quibusdam.
TMS00198,EMP011,Logan Trivedi,PRJ004,TSK00099,24-05-2026,5,1.1,Yes,Atharv Kumar,Perferendis impedit tenetur.
TMS00199,EMP011,Logan Trivedi,PRJ004,TSK00099,24-05-2026,4.7,2,Yes,Jai Karnik,Dignissimos autem reiciendis tempore maxime quasi laudantium.
TMS00200,EMP001,Adweta Solanki,PRJ004,TSK00100,24-05-2026,4.4,0.9,Yes,Ira Thakur,Iure facilis earum inventore in assumenda.
TMS00201,EMP001,Adweta Solanki,PRJ004,TSK00100,24-05-2026,2,1.9,No,Dakshesh Talwar,Delectus aliquam consequatur dolore.
TMS00202,EMP014,Unni Om,PRJ004,TSK00101,24-05-2026,9.4,2.8,Yes,Chakradev Mistry,Vel exercitationem molestiae animi quas.
TMS00203,EMP036,Abhimanyu Contractor,PRJ004,TSK00102,24-05-2026,9.1,2.5,Yes,Bina Hari,Maiores iusto quasi sed deserunt repellendus.
TMS00204,EMP036,Abhimanyu Contractor,PRJ004,TSK00102,24-05-2026,4.8,1.8,No,Ethan Hegde,Ipsa atque quidem vitae quo.
TMS00205,EMP062,Chandani Mane,PRJ004,TSK00103,24-05-2026,4.8,0,Yes,Madhav Naidu,Incidunt asperiores cupiditate modi dolor temporibus accusantium magnam.
TMS00206,EMP062,Chandani Mane,PRJ004,TSK00103,24-05-2026,5.2,0,No,Maya Karan,Voluptatum nobis veniam laboriosam animi sapiente blanditiis.
TMS00207,EMP058,Lakshmi Sangha,PRJ004,TSK00104,24-05-2026,3.6,1.6,Yes,Champak Sarin,Repellat excepturi qui magni.
TMS00208,EMP058,Lakshmi Sangha,PRJ004,TSK00104,24-05-2026,5.3,2.7,Yes,Amrita Badami,Soluta fugiat repudiandae ad.
TMS00209,EMP088,Qabil Rege,PRJ004,TSK00105,24-05-2026,8.2,0.8,No,Patrick Bhalla,Quam consequatur rem dolorum provident.
TMS00210,EMP056,Widisha Lad,PRJ004,TSK00106,24-05-2026,5,1.1,Yes,Udyati Edwin,Iusto commodi magnam quasi cumque hic doloremque aspernatur.
TMS00211,EMP056,Widisha Lad,PRJ004,TSK00106,24-05-2026,6.3,0.8,No,Anya Arya,Quisquam fuga iste provident maxime nostrum.
TMS00212,EMP093,Charles Balan,PRJ004,TSK00107,24-05-2026,8.7,0.5,No,Maanas Pau,Saepe qui dolorem odio.
TMS00213,EMP093,Charles Balan,PRJ004,TSK00107,24-05-2026,8,0,Yes,Zashil Gole,Officiis earum eius totam harum.
TMS00214,EMP093,Charles Balan,PRJ004,TSK00107,24-05-2026,2.9,0.9,Yes,Mason Mutti,Aut optio labore ex voluptas rem nisi.
TMS00215,EMP026,Madhav Roy,PRJ004,TSK00108,24-05-2026,5.4,1,Yes,Jagvi Banik,Facere unde quidem dolorum tenetur quibusdam et facilis.
TMS00216,EMP026,Madhav Roy,PRJ004,TSK00108,24-05-2026,3.3,0.6,No,Timothy Ramanathan,Aut facere aliquam esse quam quas libero.
TMS00217,EMP084,Geetika Lanka,PRJ004,TSK00109,24-05-2026,9.9,0.4,No,Theodore Mohanty,At reprehenderit quibusdam nisi rerum modi ipsam.
TMS00218,EMP084,Geetika Lanka,PRJ004,TSK00109,24-05-2026,6.4,2.4,Yes,Joshua Raval,Aliquid quos quos ullam quod veritatis.
TMS00219,EMP084,Geetika Lanka,PRJ004,TSK00109,24-05-2026,4.6,2.3,No,Manan Saha,Provident hic nisi.
TMS00220,EMP052,Ekalinga Ravi,PRJ004,TSK00110,24-05-2026,7.8,2.2,No,Bachittar Ben,Explicabo facere consequatur inventore ipsam.
TMS00221,EMP052,Ekalinga Ravi,PRJ004,TSK00110,24-05-2026,3.1,2.9,Yes,Yutika Krish,Voluptatum libero non iure officia.
TMS00222,EMP052,Ekalinga Ravi,PRJ004,TSK00110,24-05-2026,3,1,Yes,Nihal Sarkar,Qui libero in incidunt quasi fuga libero cupiditate.
TMS00223,EMP072,Triveni Comar,PRJ004,TSK00111,24-05-2026,3.9,2,No,Tarak Bali,Commodi quam saepe alias nisi non facilis excepturi.
TMS00224,EMP072,Triveni Comar,PRJ004,TSK00111,24-05-2026,5.4,1.8,Yes,Ubika Dalal,Facere officia aliquid possimus quas nobis nobis hic.
TMS00225,EMP072,Triveni Comar,PRJ004,TSK00111,24-05-2026,5.5,0.9,No,Yochana Dutta,Unde ducimus commodi.
TMS00226,EMP001,Adweta Solanki,PRJ004,TSK00112,24-05-2026,8.1,0.7,Yes,Radhika Kunda,Enim similique omnis nostrum.
TMS00227,EMP015,Kalpit Mutti,PRJ004,TSK00113,24-05-2026,6.1,0.7,Yes,Lajita Bose,Sed laboriosam alias.
TMS00228,EMP015,Kalpit Mutti,PRJ004,TSK00113,24-05-2026,8.9,3,Yes,Aradhana Luthra,Qui perferendis similique et.
TMS00229,EMP015,Kalpit Mutti,PRJ004,TSK00113,24-05-2026,7.3,1.3,No,Anirudh Sachdeva,Distinctio reiciendis labore deserunt facilis fugit tempora.
TMS00230,EMP097,Panini Sandhu,PRJ004,TSK00114,24-05-2026,8.3,0.3,Yes,Nakul Sunder,Quas exercitationem molestiae animi.
TMS00231,EMP097,Panini Sandhu,PRJ004,TSK00114,24-05-2026,3.5,2.6,Yes,Caleb Sastry,Repellat voluptas dolor laboriosam fugiat doloremque enim.
TMS00232,EMP097,Panini Sandhu,PRJ004,TSK00114,24-05-2026,3.8,0.4,Yes,Vivaan Dave,Quia non aliquam itaque autem.
TMS00233,EMP049,Gaurangi Dugar,PRJ004,TSK00115,24-05-2026,9.9,2.8,No,Udarsh Narain,Cum ipsa exercitationem dignissimos eum pariatur.
TMS00234,EMP049,Gaurangi Dugar,PRJ004,TSK00115,24-05-2026,2.1,0.6,Yes,Barkha Keer,Reprehenderit ratione ab aliquid deleniti cum.
TMS00235,EMP090,Mohini Aurora,PRJ004,TSK00116,24-05-2026,5.3,0.9,Yes,Theodore Kala,Unde blanditiis ipsum earum nobis facilis sint.
TMS00236,EMP090,Mohini Aurora,PRJ004,TSK00116,24-05-2026,3.8,1.3,Yes,Christopher Sankar,Distinctio asperiores at illo.
TMS00237,EMP023,Dev Agrawal,PRJ004,TSK00117,24-05-2026,5.4,0.2,Yes,Aditya Kumar,Nam architecto temporibus adipisci.
TMS00238,EMP023,Dev Agrawal,PRJ004,TSK00117,24-05-2026,4.2,0.8,No,Lila Kurian,Beatae repudiandae atque libero nam ipsa molestiae.
TMS00239,EMP023,Dev Agrawal,PRJ004,TSK00117,24-05-2026,7.7,0.7,Yes,Balendra Vala,Perferendis eos in beatae assumenda.
TMS00240,EMP025,Udarsh Kaul,PRJ004,TSK00118,24-05-2026,2.3,0.2,No,Anya Badami,Quidem tempore sit sit fugiat praesentium doloribus.
TMS00241,EMP032,Wakeeta Deshpande,PRJ004,TSK00119,24-05-2026,4.3,0.8,Yes,Aarnav Prakash,Impedit magnam totam provident labore labore.
TMS00242,EMP098,Kashish Raj,PRJ004,TSK00120,24-05-2026,3.5,2.8,No,Warjas Dixit,Omnis labore consequuntur labore deserunt modi.
TMS00243,EMP098,Kashish Raj,PRJ004,TSK00120,24-05-2026,4.7,0.3,Yes,Rudra Sangha,Asperiores magni perferendis modi enim deserunt tempore.
TMS00244,EMP098,Kashish Raj,PRJ005,TSK00121,24-05-2026,6.4,2.6,No,Vidhi Mahal,Voluptates ut eos deleniti adipisci ratione.
TMS00245,EMP098,Kashish Raj,PRJ005,TSK00121,24-05-2026,4.9,2.4,No,Isaac Thakkar,Minus quos repellat eum.
TMS00246,EMP098,Kashish Raj,PRJ005,TSK00121,24-05-2026,3.9,0.8,No,Bhavika Narayanan,Odit culpa ea quia.
TMS00247,EMP062,Chandani Mane,PRJ005,TSK00122,24-05-2026,9.1,0.4,Yes,Triveni Mukherjee,Nulla natus eos odit perspiciatis esse.
TMS00248,EMP067,Vivaan Gandhi,PRJ005,TSK00123,24-05-2026,6.7,2.7,Yes,Nitesh Shankar,Placeat excepturi unde nihil vel aspernatur aliquid ipsum.
TMS00249,EMP042,Amruta Mall,PRJ005,TSK00124,24-05-2026,7.6,2.8,Yes,Fariq Tank,Deserunt dicta minima explicabo deleniti.
TMS00250,EMP079,Balvan Shere,PRJ005,TSK00125,24-05-2026,7,0.9,No,Veer Saran,Expedita neque repellat culpa libero molestias.
TMS00251,EMP079,Balvan Shere,PRJ005,TSK00125,24-05-2026,9.9,0.6,Yes,Qushi Khatri,Nihil magni dolorum atque quos mollitia.
TMS00252,EMP079,Balvan Shere,PRJ005,TSK00125,24-05-2026,2.4,0.6,No,Guneet Basak,Ipsam nesciunt quis quam asperiores.
TMS00253,EMP097,Panini Sandhu,PRJ005,TSK00126,24-05-2026,9.8,2.7,No,Kamala Shere,Dolor nisi deleniti autem id.
TMS00254,EMP097,Panini Sandhu,PRJ005,TSK00126,24-05-2026,7,0.4,No,Dipta Datta,Molestias id in magnam voluptatem accusamus.
TMS00255,EMP097,Panini Sandhu,PRJ005,TSK00126,24-05-2026,2.5,1.3,Yes,Omya Garg,Ullam natus adipisci asperiores.
TMS00256,EMP074,Yuvraj Bora,PRJ005,TSK00127,24-05-2026,6.8,2.1,Yes,Kashish Som,Unde amet doloribus natus tempore excepturi eos.
TMS00257,EMP095,Hemal Lata,PRJ005,TSK00128,24-05-2026,2.4,1.7,Yes,Warinder Bhattacharyya,Error occaecati inventore dignissimos officia reiciendis.
TMS00258,EMP095,Hemal Lata,PRJ005,TSK00128,24-05-2026,7.9,1.2,Yes,Vincent Sani,Optio amet nemo.
TMS00259,EMP067,Vivaan Gandhi,PRJ005,TSK00129,24-05-2026,5.5,1.5,No,Neha Sekhon,Excepturi perferendis sit quam nostrum nisi.
TMS00260,EMP021,Saanvi Garde,PRJ005,TSK00130,24-05-2026,6.9,0.6,Yes,Jason Aggarwal,Voluptate porro ad repellendus ea.
TMS00261,EMP021,Saanvi Garde,PRJ005,TSK00130,24-05-2026,3.3,0.7,Yes,Ubika Chhabra,Expedita exercitationem quibusdam nemo laboriosam.
TMS00262,EMP034,Indrajit Shan,PRJ005,TSK00131,24-05-2026,5.6,2.1,No,Gaurika Krishnan,Aperiam alias suscipit totam labore.
TMS00263,EMP034,Indrajit Shan,PRJ005,TSK00131,24-05-2026,4.4,0.7,No,Raghav Murthy,Voluptas temporibus necessitatibus libero.
TMS00264,EMP034,Indrajit Shan,PRJ005,TSK00131,24-05-2026,6.4,0.5,Yes,Rachana Kala,Excepturi iusto facere.
TMS00265,EMP087,Omya Issac,PRJ005,TSK00132,24-05-2026,3.9,0.1,Yes,Jonathan Salvi,Vero voluptate suscipit odio voluptatum.
TMS00266,EMP087,Omya Issac,PRJ005,TSK00132,24-05-2026,9.5,0.8,Yes,Arya Madan,Repellat eaque aspernatur reiciendis veritatis explicabo.
TMS00267,EMP087,Omya Issac,PRJ005,TSK00132,24-05-2026,4.2,2.4,Yes,Mahika Virk,Provident modi earum dolores fuga.
TMS00268,EMP063,Bhavini Seth,PRJ005,TSK00133,24-05-2026,6.3,0,No,Tripti Kashyap,Tempora quaerat aliquid corporis distinctio.
TMS00269,EMP044,Aradhana Shenoy,PRJ005,TSK00134,24-05-2026,6.8,1.1,Yes,Gaurika Dhillon,Omnis facilis sapiente delectus officiis ducimus maxime.
TMS00270,EMP044,Aradhana Shenoy,PRJ005,TSK00134,24-05-2026,9.6,2.7,No,Lucky Pillai,Ipsum ut velit porro harum.
TMS00271,EMP044,Aradhana Shenoy,PRJ005,TSK00134,24-05-2026,7.8,1.2,No,Ishanvi Nazareth,Quasi magni repudiandae.
TMS00272,EMP041,Chatura Oza,PRJ005,TSK00135,24-05-2026,9.9,1.9,Yes,Neelima Mall,Quidem illo magnam optio.
TMS00273,EMP041,Chatura Oza,PRJ005,TSK00135,24-05-2026,8.6,0.7,No,Samuel Halder,Voluptatem doloribus esse iusto ducimus at laudantium.
TMS00274,EMP096,Tara Bhargava,PRJ005,TSK00136,24-05-2026,4,0,Yes,Gautami Dua,Tempore asperiores fuga ratione iste nulla mollitia accusamus.
TMS00275,EMP085,Zansi Dewan,PRJ005,TSK00137,24-05-2026,8,1.1,No,Raksha More,Cumque nobis exercitationem soluta.
TMS00276,EMP085,Zansi Dewan,PRJ005,TSK00137,24-05-2026,9,1.9,Yes,Bhanumati Sangha,Velit ab eius beatae optio porro nulla.
TMS00277,EMP085,Zansi Dewan,PRJ005,TSK00137,24-05-2026,8.5,0.7,No,Ikshita Hari,Reprehenderit ipsam sequi placeat unde omnis temporibus.
TMS00278,EMP061,Yashodhara Chadha,PRJ005,TSK00138,24-05-2026,6.7,2.4,No,Meghana Shah,Placeat dolor voluptatum magnam nemo delectus.
TMS00279,EMP011,Logan Trivedi,PRJ005,TSK00139,24-05-2026,5.6,2.2,No,Pavani Sahota,Ad ducimus reiciendis molestiae quia debitis.
TMS00280,EMP017,Ishani Dhar,PRJ005,TSK00140,24-05-2026,3.2,1.4,No,Gaurika Ahuja,Temporibus nulla a minima natus laboriosam molestias.
TMS00281,EMP017,Ishani Dhar,PRJ005,TSK00140,24-05-2026,3.5,0.6,Yes,Rachita Nadig,Expedita numquam magnam alias.
TMS00282,EMP035,Nidhi Ray,PRJ005,TSK00141,24-05-2026,6.6,2.8,Yes,Januja Varughese,Labore facilis molestiae aperiam.
TMS00283,EMP069,Dominic Dewan,PRJ005,TSK00142,24-05-2026,4.3,0.9,Yes,Abeer Bakshi,Consectetur minima ipsum voluptatum sunt.
TMS00284,EMP069,Dominic Dewan,PRJ005,TSK00142,24-05-2026,8.5,2.1,Yes,Nidhi Sachar,Omnis consectetur numquam ad delectus earum.
TMS00285,EMP069,Dominic Dewan,PRJ005,TSK00142,24-05-2026,2.6,0.2,Yes,Raagini Srivastava,Optio modi vel nulla maiores impedit.
TMS00286,EMP053,Ekaraj Pandya,PRJ005,TSK00143,24-05-2026,9.3,2.9,Yes,Teerth Lanka,Hic architecto error.
TMS00287,EMP053,Ekaraj Pandya,PRJ005,TSK00143,24-05-2026,7.8,0.4,Yes,Aayush Dani,Impedit incidunt voluptatum corrupti.
TMS00288,EMP045,Tanveer Murthy,PRJ005,TSK00144,24-05-2026,2.8,1.2,Yes,Sara Dugar,Saepe nobis veniam.
TMS00289,EMP045,Tanveer Murthy,PRJ005,TSK00144,24-05-2026,8.6,2.3,Yes,Ansh Krishnamurthy,Accusamus explicabo in inventore.
TMS00290,EMP045,Tanveer Murthy,PRJ005,TSK00144,24-05-2026,3.1,2.3,No,Agastya Dhillon,Laborum eius suscipit error quas.
TMS00291,EMP038,Thomas Dada,PRJ005,TSK00145,24-05-2026,9.5,1.8,Yes,Krisha Bumb,Expedita fuga aut adipisci illum adipisci voluptatum.
TMS00292,EMP032,Wakeeta Deshpande,PRJ005,TSK00146,24-05-2026,6.3,2.5,Yes,Anusha Korpal,Ea hic earum saepe consectetur placeat.
TMS00293,EMP031,Aryan Gokhale,PRJ005,TSK00147,24-05-2026,3.1,2.3,No,Kai Tella,Non dolores alias suscipit.
TMS00294,EMP038,Thomas Dada,PRJ005,TSK00148,24-05-2026,4.5,1.4,Yes,Matthew Iyer,Vero inventore suscipit assumenda.
TMS00295,EMP020,Qabil Chaudhry,PRJ005,TSK00149,24-05-2026,6.3,0.8,Yes,Hema Ray,Qui sapiente temporibus totam quas.
TMS00296,EMP092,Ekani Buch,PRJ005,TSK00150,24-05-2026,8.6,0.3,No,Oviya Goyal,Illo consequuntur quod reiciendis earum asperiores porro officia.
TMS00297,EMP044,Aradhana Shenoy,PRJ006,TSK00151,24-05-2026,6.1,2.5,Yes,Idika Kapadia,Quaerat animi nemo recusandae pariatur nam.
TMS00298,EMP097,Panini Sandhu,PRJ006,TSK00152,24-05-2026,9.3,0.1,No,Veda Dasgupta,Sed atque aperiam quis itaque.
TMS00299,EMP025,Udarsh Kaul,PRJ006,TSK00153,24-05-2026,3.2,2,Yes,Henry Sandhu,At laudantium esse illo.
TMS00300,EMP025,Udarsh Kaul,PRJ006,TSK00153,24-05-2026,9.4,2.1,Yes,Yashasvi Swamy,Repudiandae tempora aliquid voluptates minima neque vitae.
TMS00301,EMP032,Wakeeta Deshpande,PRJ006,TSK00154,24-05-2026,3.4,0.3,Yes,Balvan Andra,Sit ex assumenda in.
TMS00302,EMP032,Wakeeta Deshpande,PRJ006,TSK00154,24-05-2026,9.7,0.8,Yes,Zehaan Dar,Reprehenderit et necessitatibus.
TMS00303,EMP040,Zilmil Ganesan,PRJ006,TSK00155,24-05-2026,4.7,1.1,Yes,George Sachdev,Natus sint hic non laborum.
TMS00304,EMP040,Zilmil Ganesan,PRJ006,TSK00155,24-05-2026,9.2,1.8,Yes,Farhan Vala,Libero autem sequi odio quos doloribus.
TMS00305,EMP040,Zilmil Ganesan,PRJ006,TSK00155,24-05-2026,5.4,1,Yes,Wishi Khurana,Voluptate natus veniam alias dignissimos.
TMS00306,EMP026,Madhav Roy,PRJ006,TSK00156,24-05-2026,5.4,2.7,No,Dayita Vora,Tempore est cum perferendis ut expedita eaque repellendus.
TMS00307,EMP026,Madhav Roy,PRJ006,TSK00156,24-05-2026,7,0.9,Yes,Ronith Choudhury,Dolore alias eaque quasi.
TMS00308,EMP026,Madhav Roy,PRJ006,TSK00156,24-05-2026,4.2,1.5,No,Lavanya Basu,Ut laudantium hic delectus nemo voluptatem rerum amet.
TMS00309,EMP022,Ekavir Barman,PRJ006,TSK00157,24-05-2026,8.5,2.1,Yes,Praneel Pradhan,Consectetur sequi ut quos.
TMS00310,EMP022,Ekavir Barman,PRJ006,TSK00157,24-05-2026,8.3,2.6,Yes,Divya Comar,Eaque incidunt recusandae quod velit maxime quod.
TMS00311,EMP089,Alexander Singhal,PRJ006,TSK00158,24-05-2026,3.2,0.4,No,Samaksh Kibe,Suscipit nulla enim culpa ab est nam.
TMS00312,EMP089,Alexander Singhal,PRJ006,TSK00158,24-05-2026,7.8,2.4,No,Theodore Virk,Dicta sunt consectetur facere accusamus porro earum hic.
TMS00313,EMP089,Alexander Singhal,PRJ006,TSK00158,24-05-2026,8.5,0.3,No,Champak Sen,Ab et mollitia consectetur facere asperiores.
TMS00314,EMP012,Nimrat Sarraf,PRJ006,TSK00159,24-05-2026,4.2,0.3,Yes,Jhalak D’Alia,Adipisci quae qui non quia minus quis.
TMS00315,EMP012,Nimrat Sarraf,PRJ006,TSK00159,24-05-2026,3.5,1.2,No,Guneet Gupta,Delectus voluptatem odio quis molestiae dolor nihil.
TMS00316,EMP012,Nimrat Sarraf,PRJ006,TSK00159,24-05-2026,6,1.4,No,Karan Ramakrishnan,Quod saepe deleniti voluptate.
TMS00317,EMP017,Ishani Dhar,PRJ006,TSK00160,24-05-2026,8.3,1,Yes,Indali Chand,Cupiditate tempora explicabo.
TMS00318,EMP017,Ishani Dhar,PRJ006,TSK00160,24-05-2026,5.1,1.6,No,Harrison Gaba,Voluptatum eum reiciendis itaque harum totam quaerat.
TMS00319,EMP017,Ishani Dhar,PRJ006,TSK00160,24-05-2026,6.3,2.5,No,Laban Korpal,Qui error voluptatibus suscipit earum.
TMS00320,EMP049,Gaurangi Dugar,PRJ006,TSK00161,24-05-2026,6.6,1.3,Yes,Nikita Sawhney,Facere minus exercitationem.
TMS00321,EMP070,Indali Chawla,PRJ006,TSK00162,24-05-2026,2.7,1.1,Yes,Hemang Balay,Earum vel delectus perferendis optio.
TMS00322,EMP070,Indali Chawla,PRJ006,TSK00162,24-05-2026,10,0.1,No,Aradhana Chaudry,Dignissimos error nisi odio maxime quae.
TMS00323,EMP070,Indali Chawla,PRJ006,TSK00162,24-05-2026,9.7,2.8,Yes,Faraj Nanda,Veniam iure veniam neque a.
TMS00324,EMP071,Ira Khosla,PRJ006,TSK00163,24-05-2026,4.9,2.5,Yes,Qasim Ghosh,Officia dignissimos porro sint.
TMS00325,EMP071,Ira Khosla,PRJ006,TSK00163,24-05-2026,4.4,0.4,No,Reyansh Narula,Soluta aliquid ullam voluptate.
TMS00326,EMP059,Rajata Dar,PRJ006,TSK00164,24-05-2026,3.7,0.7,Yes,Andrew Panchal,Consequuntur mollitia atque sunt nulla consectetur ex debitis.
TMS00327,EMP031,Aryan Gokhale,PRJ006,TSK00165,24-05-2026,9.7,2.1,No,Ojas Din,Quibusdam tenetur iste.
TMS00328,EMP037,Samarth Goel,PRJ006,TSK00166,24-05-2026,2.2,2.9,No,Imaran Goda,Adipisci aliquam nihil laudantium quo quas.
TMS00329,EMP037,Samarth Goel,PRJ006,TSK00166,24-05-2026,2.4,0.3,Yes,Dalbir Wagle,Consequatur veniam aperiam inventore illo.
TMS00330,EMP037,Samarth Goel,PRJ006,TSK00166,24-05-2026,5.8,1.8,Yes,Ishita Kapur,Illo labore aliquam eveniet quasi illum.
TMS00331,EMP006,Jagdish Mahal,PRJ006,TSK00167,24-05-2026,3.2,0.4,Yes,Zehaan Prabhakar,Dolorem debitis a accusamus vitae eius commodi.
TMS00332,EMP005,Vinaya Dyal,PRJ006,TSK00168,24-05-2026,2.1,2.5,No,Hitesh Goyal,Molestias omnis voluptas eos voluptatibus perspiciatis vel.
TMS00333,EMP010,Patrick Mani,PRJ006,TSK00169,24-05-2026,8.1,1.4,Yes,Parth Khurana,Tempore quo illo a quos cumque.
TMS00334,EMP096,Tara Bhargava,PRJ006,TSK00170,24-05-2026,6.2,2.8,No,Warhi De,Deserunt autem occaecati blanditiis odit.
TMS00335,EMP096,Tara Bhargava,PRJ006,TSK00170,24-05-2026,5.3,1,Yes,Ubika Sarma,Totam animi voluptatum.
TMS00336,EMP096,Tara Bhargava,PRJ006,TSK00170,24-05-2026,4.3,0.5,Yes,Dalbir Mani,Tenetur laudantium eveniet illo quibusdam corrupti.
TMS00337,EMP028,Reva Chacko,PRJ006,TSK00171,24-05-2026,8,1.5,Yes,Indrajit Dayal,Architecto quasi cumque minima reprehenderit nesciunt id.
TMS00338,EMP028,Reva Chacko,PRJ006,TSK00171,24-05-2026,5.2,1.3,No,Ganga Mutti,Consequatur earum sapiente officiis corporis.
TMS00339,EMP028,Reva Chacko,PRJ006,TSK00171,24-05-2026,6.4,2.5,No,Owen Kata,Laboriosam deserunt dolorem.
TMS00340,EMP032,Wakeeta Deshpande,PRJ006,TSK00172,24-05-2026,3.8,2.8,No,Zehaan Khalsa,Assumenda voluptatum illum tempora velit architecto suscipit.
TMS00341,EMP032,Wakeeta Deshpande,PRJ006,TSK00172,24-05-2026,9.8,1.6,Yes,Aachal Chopra,Laboriosam deleniti deserunt ipsum beatae.
TMS00342,EMP032,Wakeeta Deshpande,PRJ006,TSK00172,24-05-2026,7.9,1.2,Yes,Nihal Vora,Fugiat nam id recusandae.
TMS00343,EMP055,Azad Nadkarni,PRJ006,TSK00173,24-05-2026,5.1,2.5,Yes,Yashawini Raj,Temporibus reprehenderit cupiditate dolore iste fugit.
TMS00344,EMP057,Tristan Korpal,PRJ006,TSK00174,24-05-2026,5.7,0.9,No,Anmol Thaker,Adipisci ducimus placeat nesciunt et perspiciatis.
TMS00345,EMP057,Tristan Korpal,PRJ006,TSK00174,24-05-2026,8.6,0.5,No,Ayushman Deo,Doloremque delectus consequuntur ullam hic.
TMS00346,EMP057,Tristan Korpal,PRJ006,TSK00174,24-05-2026,7.2,0.6,Yes,Chaman Parsa,Error nesciunt eveniet eius ex mollitia sequi.
TMS00347,EMP078,Ekanta Apte,PRJ006,TSK00175,24-05-2026,2.6,1.8,No,Pavani Dar,Nihil laborum explicabo non ad itaque sapiente.
TMS00348,EMP051,Gaurika Sami,PRJ006,TSK00176,24-05-2026,3.9,0.5,Yes,Bhanumati Sant,Quis velit est voluptatem corrupti.
TMS00349,EMP029,Alexander Chadha,PRJ006,TSK00177,24-05-2026,3.7,0,No,Fiyaz Nayak,Laborum ipsam fuga voluptate.
TMS00350,EMP046,Xiti Baral,PRJ006,TSK00178,24-05-2026,6.4,1.9,Yes,Jagat Balakrishnan,Quia dignissimos hic distinctio reprehenderit ipsa.
TMS00351,EMP012,Nimrat Sarraf,PRJ006,TSK00179,24-05-2026,4.2,2.9,Yes,Ridhi Iyer,Aspernatur sunt minima facere.
TMS00352,EMP089,Alexander Singhal,PRJ006,TSK00180,24-05-2026,9.9,1.5,Yes,Mahika Palla,Quas quisquam hic dolores modi in.
TMS00353,EMP089,Alexander Singhal,PRJ006,TSK00180,24-05-2026,4.5,2.8,Yes,Neha Sahni,Ducimus culpa qui suscipit et.
TMS00354,EMP089,Alexander Singhal,PRJ006,TSK00180,24-05-2026,9.8,2.3,No,Xalak Subramanian,Cupiditate perferendis molestiae accusantium minus.
TMS00355,EMP099,Praneel Sule,PRJ007,TSK00181,24-05-2026,3.6,2.3,No,Harini Varughese,Deserunt vitae quia eius eius odit perspiciatis.
TMS00356,EMP099,Praneel Sule,PRJ007,TSK00181,24-05-2026,9.8,2.1,Yes,Vedant Dhillon,Assumenda nam odit reprehenderit quis esse amet.
TMS00357,EMP099,Praneel Sule,PRJ007,TSK00181,24-05-2026,4.7,2.7,Yes,Warinder Bhasin,Ullam accusantium deserunt ullam aliquid earum asperiores.
TMS00358,EMP078,Ekanta Apte,PRJ007,TSK00182,24-05-2026,8.5,0.5,No,Krish Agate,Placeat blanditiis soluta laboriosam rerum maxime voluptatem.
TMS00359,EMP078,Ekanta Apte,PRJ007,TSK00182,24-05-2026,5.8,2.6,Yes,Max Boase,Perspiciatis nostrum porro dolores.
TMS00360,EMP078,Ekanta Apte,PRJ007,TSK00182,24-05-2026,4.3,0.5,No,Deepa Pai,Nesciunt ad similique cupiditate.
TMS00361,EMP020,Qabil Chaudhry,PRJ007,TSK00183,24-05-2026,9.1,0.3,Yes,Ria Bose,Unde vel sapiente neque pariatur veniam.
TMS00362,EMP074,Yuvraj Bora,PRJ007,TSK00184,24-05-2026,8.5,2,Yes,Nicholas Babu,Eum porro alias nam.
TMS00363,EMP011,Logan Trivedi,PRJ007,TSK00185,24-05-2026,6.1,2.2,No,Wishi Malhotra,Ab iure reiciendis.
TMS00364,EMP011,Logan Trivedi,PRJ007,TSK00185,24-05-2026,5.6,0.4,No,Atharv Nath,Dolores vel soluta ex quisquam alias reiciendis modi.
TMS00365,EMP011,Logan Trivedi,PRJ007,TSK00185,24-05-2026,4.9,2.6,No,Tanmayi Uppal,Accusantium excepturi adipisci culpa iure harum aut.
TMS00366,EMP056,Widisha Lad,PRJ007,TSK00186,24-05-2026,9.1,2.3,No,Charvi Pillay,Ullam non magnam hic excepturi voluptas cum.
TMS00367,EMP026,Madhav Roy,PRJ007,TSK00187,24-05-2026,3.7,1.8,Yes,Pratyush Kanda,Sequi nemo perferendis nobis tempore quisquam saepe.
TMS00368,EMP012,Nimrat Sarraf,PRJ007,TSK00188,24-05-2026,6.5,3,Yes,Tristan Bal,Repudiandae libero vero illo.
TMS00369,EMP077,Wakeeta Dayal,PRJ007,TSK00189,24-05-2026,3.1,2.6,Yes,Nisha Dora,Officia sint enim.
TMS00370,EMP030,Dakshesh Kala,PRJ007,TSK00190,24-05-2026,2.8,0.9,No,Yatan Biswas,Fugiat veniam magni dolore explicabo.
TMS00371,EMP030,Dakshesh Kala,PRJ007,TSK00190,24-05-2026,3.3,0.8,No,Theodore Dubey,Repudiandae error quo non ex totam reiciendis.
TMS00372,EMP019,Eta Narang,PRJ007,TSK00191,24-05-2026,2.7,0.5,No,Yashoda Jha,Commodi officia corrupti vitae ex.
TMS00373,EMP019,Eta Narang,PRJ007,TSK00191,24-05-2026,4.1,1.4,No,Laban Mammen,Ea ducimus quae voluptatum.
TMS00374,EMP043,Urvashi Brar,PRJ007,TSK00192,24-05-2026,7.2,0.4,Yes,Geetika Varughese,Quas quisquam provident quibusdam illo voluptatibus.
TMS00375,EMP043,Urvashi Brar,PRJ007,TSK00192,24-05-2026,9.8,1.5,No,Falak Dhaliwal,Officia voluptatem voluptatibus in doloremque error.
TMS00376,EMP094,Ekaja Sawhney,PRJ007,TSK00193,24-05-2026,5.2,2.6,Yes,Kevin Sharma,Enim et deleniti corrupti cum voluptatem.
TMS00377,EMP094,Ekaja Sawhney,PRJ007,TSK00193,24-05-2026,5.5,1.5,No,Harsh Oommen,Ex laborum culpa ipsum excepturi tenetur illo.
TMS00378,EMP026,Madhav Roy,PRJ007,TSK00194,24-05-2026,2.7,1.2,No,Bhavna Venkatesh,Voluptates doloribus modi magni odio minima earum rem.
TMS00379,EMP026,Madhav Roy,PRJ007,TSK00194,24-05-2026,4.1,2.6,Yes,Aditya Zacharia,Porro cum doloribus incidunt recusandae.
TMS00380,EMP085,Zansi Dewan,PRJ007,TSK00195,24-05-2026,9.8,0.2,Yes,Daksha Dhaliwal,Velit accusantium minus necessitatibus qui.
TMS00381,EMP085,Zansi Dewan,PRJ007,TSK00195,24-05-2026,7.6,1.7,Yes,Neel Luthra,Vitae voluptatum consequatur voluptatum explicabo.
TMS00382,EMP085,Zansi Dewan,PRJ007,TSK00195,24-05-2026,8.8,0.9,Yes,Dayita Basu,Non delectus voluptatum delectus provident iusto.
TMS00383,EMP091,Ubika Sachdev,PRJ007,TSK00196,24-05-2026,5.2,0.2,No,Yash Balan,Illo ratione autem at.
TMS00384,EMP091,Ubika Sachdev,PRJ007,TSK00196,24-05-2026,9,2,No,Pushti Palla,Officia architecto soluta amet.
TMS00385,EMP091,Ubika Sachdev,PRJ007,TSK00196,24-05-2026,5.7,1.9,No,Zaitra Dhillon,Nihil provident nihil ut.
TMS00386,EMP072,Triveni Comar,PRJ007,TSK00197,24-05-2026,2.7,2.2,No,Gautam Sami,Ad laborum maxime eligendi molestiae.
TMS00387,EMP021,Saanvi Garde,PRJ007,TSK00198,24-05-2026,3.6,1,No,Wyatt Shenoy,Vitae perferendis quas culpa reprehenderit.
TMS00388,EMP021,Saanvi Garde,PRJ007,TSK00198,24-05-2026,4.7,1.8,Yes,Samesh Kanda,Vitae dolor assumenda quis cum velit.
TMS00389,EMP008,Balveer Bains,PRJ007,TSK00199,24-05-2026,7.9,0.3,No,Aditya Palla,Laboriosam eos ea tenetur earum quos est.
TMS00390,EMP008,Balveer Bains,PRJ007,TSK00199,24-05-2026,2.3,0.5,No,Rajata Muni,Nam ducimus blanditiis molestiae.
TMS00391,EMP008,Balveer Bains,PRJ007,TSK00199,24-05-2026,3.2,0.6,Yes,Zilmil Venkataraman,Exercitationem commodi facere distinctio odit nemo repellat.
TMS00392,EMP085,Zansi Dewan,PRJ007,TSK00200,24-05-2026,8.2,0.2,No,Ranveer Guha,Aspernatur sit quaerat beatae architecto.
TMS00393,EMP085,Zansi Dewan,PRJ007,TSK00200,24-05-2026,8.3,2.9,Yes,Kritika Agarwal,Blanditiis consequatur omnis ratione quod error iure.
TMS00394,EMP085,Zansi Dewan,PRJ007,TSK00200,24-05-2026,2.4,2.6,No,Samar Tailor,Totam natus pariatur sequi nostrum deleniti officiis.
TMS00395,EMP055,Azad Nadkarni,PRJ007,TSK00201,24-05-2026,4,0.5,Yes,Damini Vasa,Dolores provident voluptates corporis.
TMS00396,EMP055,Azad Nadkarni,PRJ007,TSK00201,24-05-2026,2.6,1.2,No,Jeevika Upadhyay,Perspiciatis soluta eligendi nostrum.
TMS00397,EMP075,Indrajit Pradhan,PRJ007,TSK00202,24-05-2026,5.6,1.3,Yes,Ekapad Ahluwalia,Commodi quisquam accusamus laboriosam non quisquam.
TMS00398,EMP075,Indrajit Pradhan,PRJ007,TSK00202,24-05-2026,7.4,0.8,Yes,Unnati Suri,Explicabo dignissimos cum aliquid.
TMS00399,EMP075,Indrajit Pradhan,PRJ007,TSK00202,24-05-2026,2.7,2.7,No,Hamsini Kala,Doloremque unde recusandae.
TMS00400,EMP021,Saanvi Garde,PRJ007,TSK00203,24-05-2026,3.3,1,No,Mitesh Deshpande,Quaerat minima magni modi temporibus tempora odio.
TMS00401,EMP021,Saanvi Garde,PRJ007,TSK00203,24-05-2026,5.9,1.6,Yes,Advika Khosla,Incidunt perspiciatis numquam sed.
TMS00402,EMP098,Kashish Raj,PRJ007,TSK00204,24-05-2026,5.5,2.7,No,Ijaya Nagarajan,Doloremque assumenda tempora officiis adipisci assumenda.
TMS00403,EMP098,Kashish Raj,PRJ007,TSK00204,24-05-2026,8.6,1.7,Yes,Yutika Anand,Fuga occaecati dolores saepe.
TMS00404,EMP098,Kashish Raj,PRJ007,TSK00204,24-05-2026,2.6,2,Yes,Leena Palla,Occaecati dicta architecto sequi vel tempore molestias.
TMS00405,EMP014,Unni Om,PRJ007,TSK00205,24-05-2026,7.3,2.5,No,Gaurangi Walia,Culpa sapiente unde repudiandae dignissimos.
TMS00406,EMP014,Unni Om,PRJ007,TSK00205,24-05-2026,2.1,2.7,Yes,Wahab Randhawa,Modi eligendi et cumque voluptas.
TMS00407,EMP004,Darpan Borra,PRJ007,TSK00206,24-05-2026,8.9,0.3,No,Libni Borde,Ea doloremque debitis earum nisi pariatur.
TMS00408,EMP004,Darpan Borra,PRJ007,TSK00206,24-05-2026,4.1,2.2,No,Kavya Gulati,Dolorem aperiam ad soluta quasi assumenda quis ea.
TMS00409,EMP063,Bhavini Seth,PRJ007,TSK00207,24-05-2026,7.1,1.9,Yes,Tanmayi Maharaj,Dolores iste maxime eligendi earum id facere.
TMS00410,EMP035,Nidhi Ray,PRJ007,TSK00208,24-05-2026,3.7,2.9,No,Warjas Dhaliwal,In quo aliquid possimus.
TMS00411,EMP063,Bhavini Seth,PRJ007,TSK00209,24-05-2026,6.4,0.5,No,Darsh Rajan,Nam accusantium cupiditate minima qui.
TMS00412,EMP063,Bhavini Seth,PRJ007,TSK00209,24-05-2026,3.7,0.6,Yes,Faras Nath,Iure eos soluta alias.
TMS00413,EMP063,Bhavini Seth,PRJ007,TSK00209,24-05-2026,9.8,1.7,Yes,Ubika Dhar,Mollitia voluptatibus nihil commodi deleniti iusto.
TMS00414,EMP049,Gaurangi Dugar,PRJ007,TSK00210,24-05-2026,8.5,0,No,Caleb Jayaraman,Nam repellendus ex adipisci repellat accusamus.
TMS00415,EMP049,Gaurangi Dugar,PRJ007,TSK00210,24-05-2026,6,2.6,No,Chakradev Raval,Placeat eveniet rerum.
TMS00416,EMP067,Vivaan Gandhi,PRJ008,TSK00211,24-05-2026,10,1.2,No,Isaac Hari,Harum ipsum voluptate aliquam.
TMS00417,EMP067,Vivaan Gandhi,PRJ008,TSK00211,24-05-2026,4.8,1.6,No,Amara Sibal,Est explicabo earum.
TMS00418,EMP067,Vivaan Gandhi,PRJ008,TSK00211,24-05-2026,2.9,0.5,No,Chatresh Purohit,Fugit dicta reiciendis at.
TMS00419,EMP039,Ayaan Johal,PRJ008,TSK00212,24-05-2026,3.4,1.8,No,Ubika Guha,Eius fuga cupiditate esse.
TMS00420,EMP039,Ayaan Johal,PRJ008,TSK00212,24-05-2026,5.1,2.5,No,Gaurav Bhargava,Voluptas nemo animi consectetur totam voluptatibus.
TMS00421,EMP019,Eta Narang,PRJ008,TSK00213,24-05-2026,4.3,1.9,Yes,Jacob Murthy,Voluptatem dolorum ab nostrum.
TMS00422,EMP019,Eta Narang,PRJ008,TSK00213,24-05-2026,10,2.4,Yes,Simon Mahal,Sint libero fugiat animi.
TMS00423,EMP019,Eta Narang,PRJ008,TSK00213,24-05-2026,2.7,0,No,Jason Sundaram,Distinctio nostrum libero odit corrupti.
TMS00424,EMP053,Ekaraj Pandya,PRJ008,TSK00214,24-05-2026,6,2.3,Yes,Pranav Mani,Temporibus earum voluptatum laboriosam aliquid dolorem.
TMS00425,EMP033,Yashodhara Mane,PRJ008,TSK00215,24-05-2026,5.6,1.7,Yes,William Dayal,Enim consequuntur reiciendis iusto maxime atque voluptas.
TMS00426,EMP033,Yashodhara Mane,PRJ008,TSK00215,24-05-2026,7.3,2.6,Yes,Saanvi Dyal,Eaque ex beatae maiores fugit.
TMS00427,EMP033,Yashodhara Mane,PRJ008,TSK00215,24-05-2026,3.8,1.4,No,Mohini Nayar,Rem adipisci nam voluptas.
TMS00428,EMP011,Logan Trivedi,PRJ008,TSK00216,24-05-2026,3.6,1.4,Yes,Megha Swaminathan,Tempora commodi ducimus.
TMS00429,EMP043,Urvashi Brar,PRJ008,TSK00217,24-05-2026,9.7,2.7,No,Siddharth Brar,Ab veritatis veritatis nesciunt commodi.
TMS00430,EMP043,Urvashi Brar,PRJ008,TSK00217,24-05-2026,9.3,1.9,No,Yadavi Sanghvi,Omnis adipisci necessitatibus.
TMS00431,EMP094,Ekaja Sawhney,PRJ008,TSK00218,24-05-2026,9.5,2.3,No,Oliver Gade,Eos inventore hic aliquam molestias.
TMS00432,EMP098,Kashish Raj,PRJ008,TSK00219,24-05-2026,9,0.8,No,Sachi Dewan,Libero eum delectus consequatur quam facilis quasi.
TMS00433,EMP098,Kashish Raj,PRJ008,TSK00219,24-05-2026,7.4,0,No,Azaan Morar,Quo libero debitis laudantium explicabo ab.
TMS00434,EMP078,Ekanta Apte,PRJ008,TSK00220,24-05-2026,2.1,0.5,No,Vasana Wagle,Eum sapiente eveniet officia sequi dignissimos harum.
TMS00435,EMP077,Wakeeta Dayal,PRJ008,TSK00221,24-05-2026,8.6,1.8,No,Ekbal Bhargava,Vero illo quo ad blanditiis similique dignissimos dignissimos.
TMS00436,EMP077,Wakeeta Dayal,PRJ008,TSK00221,24-05-2026,3.4,1.7,No,Urvi Pandey,Magnam quasi repellat tempore suscipit neque accusantium.
TMS00437,EMP077,Wakeeta Dayal,PRJ008,TSK00221,24-05-2026,3.9,2.9,Yes,Daksh Uppal,Deserunt assumenda quam quos.
TMS00438,EMP084,Geetika Lanka,PRJ008,TSK00222,24-05-2026,7.2,2.5,No,Vanya Dhillon,Suscipit totam vero voluptatibus iusto.
TMS00439,EMP084,Geetika Lanka,PRJ008,TSK00222,24-05-2026,3,1.9,Yes,Anya Ravi,Laudantium et repellendus culpa.
TMS00440,EMP084,Geetika Lanka,PRJ008,TSK00222,24-05-2026,5.2,1,Yes,Devansh Lanka,Ipsum nesciunt voluptates suscipit sint.
TMS00441,EMP014,Unni Om,PRJ008,TSK00223,24-05-2026,3.8,2.1,Yes,Kamala Pall,Ipsam voluptas nihil debitis expedita tempore quas dolorem.
TMS00442,EMP014,Unni Om,PRJ008,TSK00223,24-05-2026,6,1.9,No,Arjun Dua,Enim temporibus mollitia omnis fuga similique porro.
TMS00443,EMP047,Gautam Dhar,PRJ008,TSK00224,24-05-2026,9.3,2.5,Yes,Brinda Palla,Tenetur laboriosam veritatis modi perferendis aperiam vitae.
TMS00444,EMP047,Gautam Dhar,PRJ008,TSK00224,24-05-2026,9.6,0.6,Yes,Warda Jayaraman,Eum maxime facere temporibus nihil quasi a.
TMS00445,EMP047,Gautam Dhar,PRJ008,TSK00224,24-05-2026,2.2,0,Yes,Aadhya Biswas,Ratione tempore dolorem minus reprehenderit inventore.
TMS00446,EMP071,Ira Khosla,PRJ008,TSK00225,24-05-2026,6.9,1.6,Yes,Pahal Wable,Veniam mollitia blanditiis ducimus iusto adipisci cum.
TMS00447,EMP053,Ekaraj Pandya,PRJ008,TSK00226,24-05-2026,5.1,2.2,Yes,Zayan Loke,Consequuntur sunt fugit laboriosam aperiam nulla.
TMS00448,EMP053,Ekaraj Pandya,PRJ008,TSK00226,24-05-2026,9.9,1.9,No,Fariq Raval,Provident saepe saepe voluptatibus odit tenetur corporis.
TMS00449,EMP053,Ekaraj Pandya,PRJ008,TSK00226,24-05-2026,3.5,2,Yes,Jasmit Bedi,Voluptate earum ipsa odio magni quibusdam repellat.
TMS00450,EMP078,Ekanta Apte,PRJ008,TSK00227,24-05-2026,3.6,2.5,No,Hemangini Shanker,Tenetur quas in tenetur provident.
TMS00451,EMP078,Ekanta Apte,PRJ008,TSK00227,24-05-2026,8.2,2,No,Eshana Ray,Fugit alias ut eaque architecto.
TMS00452,EMP064,Reva Jayaraman,PRJ008,TSK00228,24-05-2026,9.5,1.9,Yes,Yashoda Murthy,Eaque recusandae esse distinctio.
TMS00453,EMP004,Darpan Borra,PRJ008,TSK00229,24-05-2026,5.7,1.8,Yes,Thomas Kala,Earum ducimus tempora.
TMS00454,EMP072,Triveni Comar,PRJ008,TSK00230,24-05-2026,4.3,2.7,Yes,Kevin Shenoy,Nisi quas molestias quasi dolorum numquam.
TMS00455,EMP065,Amara Parikh,PRJ008,TSK00231,24-05-2026,6,1.1,Yes,Vyanjana Mani,Dolor voluptate unde laudantium perferendis voluptatibus.
TMS00456,EMP079,Balvan Shere,PRJ008,TSK00232,24-05-2026,2.8,2.4,No,Yadavi Shroff,Rerum recusandae assumenda qui veniam omnis dolore.
TMS00457,EMP079,Balvan Shere,PRJ008,TSK00232,24-05-2026,2.6,2.9,Yes,Maanav Rastogi,Dicta ullam optio molestiae voluptatibus.
TMS00458,EMP083,Siddharth Banerjee,PRJ008,TSK00233,24-05-2026,7.5,1.1,No,Tanvi Kamdar,Nisi blanditiis provident illum nam atque.
TMS00459,EMP096,Tara Bhargava,PRJ008,TSK00234,24-05-2026,9.3,2.4,Yes,Tejas Char,Aspernatur doloribus pariatur ea delectus dolor.
TMS00460,EMP096,Tara Bhargava,PRJ008,TSK00234,24-05-2026,4.4,2.7,Yes,Dhruv Ganguly,Temporibus nihil impedit quas accusantium blanditiis.
TMS00461,EMP096,Tara Bhargava,PRJ008,TSK00234,24-05-2026,2.9,1,No,Krishna Sharaf,At dolorum explicabo excepturi earum ea quod.
TMS00462,EMP043,Urvashi Brar,PRJ008,TSK00235,24-05-2026,10,1.8,Yes,Zansi Sant,Provident esse ducimus dicta non similique veniam expedita.
TMS00463,EMP043,Urvashi Brar,PRJ008,TSK00235,24-05-2026,3.3,2.2,Yes,Chandani Dutta,Tempore repellendus nam.
TMS00464,EMP069,Dominic Dewan,PRJ008,TSK00236,24-05-2026,6.8,1.6,Yes,Manbir Rao,Iste minus quas dicta blanditiis.
TMS00465,EMP091,Ubika Sachdev,PRJ008,TSK00237,24-05-2026,8.9,0.3,Yes,Nihal Aggarwal,Voluptatibus ab nulla maxime esse eveniet.
TMS00466,EMP039,Ayaan Johal,PRJ008,TSK00238,24-05-2026,4.6,0.7,Yes,Dayamai Bhat,Praesentium quisquam qui veniam eius.
TMS00467,EMP100,Ethan Wali,PRJ008,TSK00239,24-05-2026,4.2,0.6,Yes,Max Jaggi,Dolore nam enim perspiciatis eum quidem dolorum sequi.
TMS00468,EMP100,Ethan Wali,PRJ008,TSK00239,24-05-2026,4.8,1.7,No,Balveer Gara,Aperiam sapiente eius repellendus.
TMS00469,EMP044,Aradhana Shenoy,PRJ008,TSK00240,24-05-2026,8,1.5,No,Vrishti Garde,Optio numquam nesciunt quae illum molestias odit nostrum.
TMS00470,EMP044,Aradhana Shenoy,PRJ008,TSK00240,24-05-2026,9.4,0.8,Yes,Amara Kala,Voluptates quidem recusandae voluptatum.
TMS00471,EMP017,Ishani Dhar,PRJ009,TSK00241,24-05-2026,8.8,2.2,No,Omisha Sami,Eum excepturi pariatur fugiat.
TMS00472,EMP017,Ishani Dhar,PRJ009,TSK00241,24-05-2026,2.8,2.4,No,Aarna Deol,In pariatur non facere dignissimos accusantium.
TMS00473,EMP017,Ishani Dhar,PRJ009,TSK00241,24-05-2026,3.3,0.6,No,Samarth Rai,Ab quidem totam id at unde deserunt.
TMS00474,EMP088,Qabil Rege,PRJ009,TSK00242,24-05-2026,9.1,1.3,No,Manya Lanka,Laudantium debitis aperiam ratione quae unde debitis.
TMS00475,EMP088,Qabil Rege,PRJ009,TSK00242,24-05-2026,8.5,1.9,No,Manan Narayanan,Quia neque et maiores mollitia enim.
TMS00476,EMP096,Tara Bhargava,PRJ009,TSK00243,24-05-2026,3.6,1.1,Yes,Rachana Chauhan,Repellat repudiandae consequuntur laudantium.
TMS00477,EMP096,Tara Bhargava,PRJ009,TSK00243,24-05-2026,5.6,2.7,No,Aadhya Kanda,Esse mollitia numquam tempora.
TMS00478,EMP036,Abhimanyu Contractor,PRJ009,TSK00244,24-05-2026,5.3,1.8,No,Pooja Joshi,Doloribus itaque ipsa voluptates eos debitis.
TMS00479,EMP036,Abhimanyu Contractor,PRJ009,TSK00244,24-05-2026,5.2,0.3,No,Aarush Deo,Maiores esse temporibus quia eveniet vero porro.
TMS00480,EMP036,Abhimanyu Contractor,PRJ009,TSK00244,24-05-2026,5.4,0.6,Yes,Ekani Bumb,Minus dolore aliquid mollitia dignissimos nisi.
TMS00481,EMP002,Kalpit Deol,PRJ009,TSK00245,24-05-2026,3.7,1.1,Yes,Peter Hayer,Nobis veritatis laborum doloribus eaque.
TMS00482,EMP074,Yuvraj Bora,PRJ009,TSK00246,24-05-2026,3,1,Yes,Chavvi Mane,Nobis praesentium hic suscipit vitae voluptatem vel.
TMS00483,EMP074,Yuvraj Bora,PRJ009,TSK00246,24-05-2026,7.7,0.6,No,Jacob Vora,Laudantium nostrum nobis aspernatur tempore quis dolorem.
TMS00484,EMP017,Ishani Dhar,PRJ009,TSK00247,24-05-2026,6.5,1.2,Yes,Balhaar Bumb,Adipisci quisquam amet nemo optio.
TMS00485,EMP051,Gaurika Sami,PRJ009,TSK00248,24-05-2026,3.7,1.7,Yes,Aarini Sawhney,Exercitationem ipsum ipsum voluptas perferendis adipisci impedit recusandae.
TMS00486,EMP051,Gaurika Sami,PRJ009,TSK00248,24-05-2026,6.6,1.9,No,Inaya Buch,Incidunt debitis dolores possimus est.
TMS00487,EMP051,Gaurika Sami,PRJ009,TSK00248,24-05-2026,4.5,1,Yes,Wriddhish Sarna,Fugiat aliquid velit fugiat voluptatum.
TMS00488,EMP098,Kashish Raj,PRJ009,TSK00249,24-05-2026,8.4,1.5,No,Warda Bhardwaj,Tenetur veritatis ab iusto natus aspernatur nobis.
TMS00489,EMP088,Qabil Rege,PRJ009,TSK00250,24-05-2026,3,1.4,No,Advika Chaudhary,Eius sit ullam ad.
TMS00490,EMP088,Qabil Rege,PRJ009,TSK00250,24-05-2026,6.7,0.7,Yes,Vritti Parsa,Iure magnam in provident quas iure libero dolorum.
TMS00491,EMP024,Ishita Shankar,PRJ009,TSK00251,24-05-2026,2.1,2.3,Yes,Abdul Ranganathan,Officiis minus a maiores harum velit in nemo.
TMS00492,EMP024,Ishita Shankar,PRJ009,TSK00251,24-05-2026,9.3,0.9,No,Gabriel Date,Ducimus doloribus amet quia officiis.
TMS00493,EMP045,Tanveer Murthy,PRJ009,TSK00252,24-05-2026,9.2,2.8,Yes,Nandini Peri,Nemo officia quo quas.
TMS00494,EMP052,Ekalinga Ravi,PRJ009,TSK00253,24-05-2026,7.2,0.2,Yes,Radha Subramanian,Tempore pariatur fugit dolores.
TMS00495,EMP052,Ekalinga Ravi,PRJ009,TSK00253,24-05-2026,8.6,1.2,No,Qabil Sethi,Rem id enim similique dicta impedit.
TMS00496,EMP031,Aryan Gokhale,PRJ009,TSK00254,24-05-2026,4.5,1,Yes,Ishwar Salvi,Voluptas ipsum aliquid dolor consectetur ipsa.
TMS00497,EMP031,Aryan Gokhale,PRJ009,TSK00254,24-05-2026,6.5,0.9,Yes,Chakradev Mahal,Facere pariatur tempora ipsum distinctio.
TMS00498,EMP089,Alexander Singhal,PRJ009,TSK00255,24-05-2026,4.4,3,No,Yuvraj Dani,Officia tempore unde quis et.
TMS00499,EMP089,Alexander Singhal,PRJ009,TSK00255,24-05-2026,8.8,2.9,Yes,Edhitha Loyal,Necessitatibus commodi excepturi aperiam nobis libero.
TMS00500,EMP074,Yuvraj Bora,PRJ009,TSK00256,24-05-2026,9.5,0.3,Yes,Bhavini Krishnan,Nihil id voluptatem numquam molestias officia.
TMS00501,EMP074,Yuvraj Bora,PRJ009,TSK00256,24-05-2026,2.4,0,Yes,Akshay Chaudhuri,Temporibus voluptas similique distinctio rem tempora commodi eum.
TMS00502,EMP052,Ekalinga Ravi,PRJ009,TSK00257,24-05-2026,8.9,2.2,Yes,Simon Kumar,Cupiditate vero similique impedit quam voluptatem dolor.
TMS00503,EMP052,Ekalinga Ravi,PRJ009,TSK00257,24-05-2026,3.4,0.6,No,Varenya Shah,Illum eveniet dicta ex.
TMS00504,EMP008,Balveer Bains,PRJ009,TSK00258,24-05-2026,9.9,2.8,Yes,Alexander Divan,Sunt consequuntur unde at.
TMS00505,EMP008,Balveer Bains,PRJ009,TSK00258,24-05-2026,4.1,2.4,Yes,Watika Roy,Magni cumque amet unde cumque praesentium consequatur.
TMS00506,EMP008,Balveer Bains,PRJ009,TSK00258,24-05-2026,2.4,0.9,No,Anya Rao,Quidem repudiandae vel quasi error possimus ipsam.
TMS00507,EMP038,Thomas Dada,PRJ009,TSK00259,24-05-2026,7.5,2.4,No,Lila Sandhu,Accusantium et adipisci a laudantium reiciendis ex.
TMS00508,EMP038,Thomas Dada,PRJ009,TSK00259,24-05-2026,4.2,0.5,Yes,Dalaja Lala,Perferendis nostrum consectetur nemo autem beatae itaque ducimus.
TMS00509,EMP087,Omya Issac,PRJ009,TSK00260,24-05-2026,5.7,0.4,Yes,Baghyawati Barad,Officiis tempore voluptatem nobis odit at nihil temporibus.
TMS00510,EMP087,Omya Issac,PRJ009,TSK00260,24-05-2026,8,2.7,No,Urvi Bir,Alias earum nihil voluptatibus.
TMS00511,EMP087,Omya Issac,PRJ009,TSK00260,24-05-2026,7.1,2,Yes,Pavani Khatri,Dolor ex illo inventore temporibus.
TMS00512,EMP038,Thomas Dada,PRJ009,TSK00261,24-05-2026,5.8,1.5,No,Yauvani Raghavan,Maiores similique ducimus eaque.
TMS00513,EMP038,Thomas Dada,PRJ009,TSK00261,24-05-2026,4.6,2.2,Yes,Kiaan Batta,Iste veniam repellendus officia illum.
TMS00514,EMP038,Thomas Dada,PRJ009,TSK00261,24-05-2026,2.7,2.3,Yes,Nathan Sheth,Dignissimos saepe alias incidunt error molestias.
TMS00515,EMP031,Aryan Gokhale,PRJ009,TSK00262,24-05-2026,6.5,2.6,Yes,Devansh Kale,Illum quibusdam a esse aperiam vitae.
TMS00516,EMP031,Aryan Gokhale,PRJ009,TSK00262,24-05-2026,7.6,0.2,No,Ria Padmanabhan,Expedita qui error iure.
TMS00517,EMP070,Indali Chawla,PRJ009,TSK00263,24-05-2026,3.7,2,No,Netra Bali,Quia voluptatum reiciendis voluptate.
TMS00518,EMP054,Vasatika Thaker,PRJ009,TSK00264,24-05-2026,3.5,0.3,Yes,Yutika Mitter,Reiciendis ullam magni quisquam.
TMS00519,EMP054,Vasatika Thaker,PRJ009,TSK00264,24-05-2026,8.5,2.3,No,Dayita Gokhale,Ex autem eum distinctio.
TMS00520,EMP019,Eta Narang,PRJ009,TSK00265,24-05-2026,7.7,2,Yes,Jalsa Rout,Laboriosam illo non autem.
TMS00521,EMP019,Eta Narang,PRJ009,TSK00265,24-05-2026,9.3,0.7,No,Maya Dugal,Porro incidunt ipsam voluptate earum nobis et.
TMS00522,EMP078,Ekanta Apte,PRJ009,TSK00266,24-05-2026,9.8,2.6,Yes,Aashi Loke,Iusto commodi atque ex.
TMS00523,EMP078,Ekanta Apte,PRJ009,TSK00266,24-05-2026,8.2,0.6,No,Rushil Bir,Eaque tenetur magnam numquam tempore exercitationem.
TMS00524,EMP046,Xiti Baral,PRJ009,TSK00267,24-05-2026,3.3,0.9,Yes,Aarnav Seshadri,Aliquid numquam eum.
TMS00525,EMP046,Xiti Baral,PRJ009,TSK00267,24-05-2026,3.2,2.6,Yes,Veer Sawhney,Nulla voluptatibus quia a voluptatibus repudiandae odio.
TMS00526,EMP035,Nidhi Ray,PRJ009,TSK00268,24-05-2026,2.1,1.4,No,Oliver Borah,Quaerat ab consequuntur delectus.
TMS00527,EMP048,Faqid Badami,PRJ009,TSK00269,24-05-2026,5.8,1.6,No,Hredhaan Kapoor,Enim maiores repudiandae quasi.
TMS00528,EMP060,Ishanvi Choudhry,PRJ009,TSK00270,24-05-2026,2.9,1.7,No,Triveni Ravi,Vitae non vitae modi.
TMS00529,EMP060,Ishanvi Choudhry,PRJ009,TSK00270,24-05-2026,5.5,0.5,No,Gabriel Tailor,Dolor repellendus repellat hic.
TMS00530,EMP070,Indali Chawla,PRJ010,TSK00271,24-05-2026,4.7,1.3,No,Shravya Chana,Autem at nobis facilis.
TMS00531,EMP070,Indali Chawla,PRJ010,TSK00271,24-05-2026,2.8,1.9,No,Yamini Srinivasan,Nobis reprehenderit beatae ab modi possimus.
TMS00532,EMP070,Indali Chawla,PRJ010,TSK00271,24-05-2026,3.6,0.6,Yes,Bachittar Bath,Culpa omnis quidem earum delectus.
TMS00533,EMP061,Yashodhara Chadha,PRJ010,TSK00272,24-05-2026,4.2,1.8,No,Atharv Divan,Commodi odit mollitia aperiam commodi.
TMS00534,EMP061,Yashodhara Chadha,PRJ010,TSK00272,24-05-2026,2.9,0.1,Yes,Indali Barman,Itaque libero nemo sunt voluptatibus non voluptates quidem.
TMS00535,EMP061,Yashodhara Chadha,PRJ010,TSK00272,24-05-2026,9.7,0.7,Yes,Vedant Arora,Similique minus inventore quae saepe.
TMS00536,EMP077,Wakeeta Dayal,PRJ010,TSK00273,24-05-2026,6.6,0.7,Yes,Warhi Andra,Alias facere exercitationem quidem placeat quasi.
TMS00537,EMP085,Zansi Dewan,PRJ010,TSK00274,24-05-2026,3.8,1.9,No,Chameli Venkataraman,Eaque officia veritatis labore reiciendis voluptas.
TMS00538,EMP085,Zansi Dewan,PRJ010,TSK00274,24-05-2026,5.1,0.3,No,Abhimanyu Apte,Sapiente exercitationem sunt expedita magni rem.
TMS00539,EMP010,Patrick Mani,PRJ010,TSK00275,24-05-2026,3.6,2.4,No,Inaya Varkey,Nihil temporibus reprehenderit optio tenetur in.
TMS00540,EMP010,Patrick Mani,PRJ010,TSK00275,24-05-2026,7.1,2.1,No,Chakradev Gill,Incidunt blanditiis hic commodi beatae nobis culpa.
TMS00541,EMP015,Kalpit Mutti,PRJ010,TSK00276,24-05-2026,2,0.6,No,Qabil Bala,Odit eveniet odio.
TMS00542,EMP015,Kalpit Mutti,PRJ010,TSK00276,24-05-2026,7.9,2.6,Yes,Abeer Pau,Nam accusamus facere.
TMS00543,EMP015,Kalpit Mutti,PRJ010,TSK00276,24-05-2026,3.4,2,Yes,Isaac Rajagopal,Voluptate quae assumenda sed cumque natus excepturi modi.
TMS00544,EMP031,Aryan Gokhale,PRJ010,TSK00277,24-05-2026,4.7,1.4,Yes,Jonathan Nagarajan,Quia beatae saepe aliquam unde iste eos.
TMS00545,EMP064,Reva Jayaraman,PRJ010,TSK00278,24-05-2026,5.8,1,Yes,Maanas Boase,Eligendi esse corrupti laboriosam ipsa accusamus officia fuga.
TMS00546,EMP064,Reva Jayaraman,PRJ010,TSK00278,24-05-2026,9.8,2.6,Yes,Ekta Bhatia,Saepe temporibus quisquam distinctio nesciunt optio.
TMS00547,EMP064,Reva Jayaraman,PRJ010,TSK00278,24-05-2026,7.4,2.6,No,Jeet Devi,Sequi numquam cumque ad a.
TMS00548,EMP045,Tanveer Murthy,PRJ010,TSK00279,24-05-2026,6.7,1.5,Yes,Faqid Kala,Dolorum sunt doloribus quidem.
TMS00549,EMP045,Tanveer Murthy,PRJ010,TSK00279,24-05-2026,5.8,0.1,Yes,Vidhi Chada,Nemo veritatis soluta dolorum earum repellat.
TMS00550,EMP039,Ayaan Johal,PRJ010,TSK00280,24-05-2026,7.4,0.9,Yes,Bhavani Krishna,Repudiandae dolor quisquam sunt fugit explicabo.
TMS00551,EMP039,Ayaan Johal,PRJ010,TSK00280,24-05-2026,6.2,0.5,Yes,Wahab Gala,Fugiat libero facere quos.
TMS00552,EMP039,Ayaan Johal,PRJ010,TSK00280,24-05-2026,8.2,0.3,No,Isha Garde,Sunt accusamus perferendis recusandae debitis ab eos.
TMS00553,EMP068,Ijaya Bedi,PRJ010,TSK00281,24-05-2026,5.9,1.1,No,Xiti More,Ad libero cumque sapiente commodi harum corrupti.
TMS00554,EMP068,Ijaya Bedi,PRJ010,TSK00281,24-05-2026,7.3,0.8,No,Amol Palla,Suscipit placeat maxime ut dolores veniam sit.
TMS00555,EMP006,Jagdish Mahal,PRJ010,TSK00282,24-05-2026,8.6,0.9,No,Janya Bera,Eius veritatis beatae nulla unde maiores.
TMS00556,EMP013,Chanakya Chana,PRJ010,TSK00283,24-05-2026,8.2,2.6,No,Jagat Rana,Voluptates praesentium minus a.
TMS00557,EMP013,Chanakya Chana,PRJ010,TSK00283,24-05-2026,2.9,2.1,Yes,Eesha Bail,In nihil aperiam officia.
TMS00558,EMP013,Chanakya Chana,PRJ010,TSK00283,24-05-2026,3.2,1.2,Yes,Abhiram Jain,Eos sed enim provident ut provident atque.
TMS00559,EMP087,Omya Issac,PRJ010,TSK00284,24-05-2026,10,1.1,Yes,Warda Barad,Iure quis ab.
TMS00560,EMP087,Omya Issac,PRJ010,TSK00284,24-05-2026,4,2.2,No,Amara Sangha,Est magnam accusantium adipisci quidem fugit laborum.
TMS00561,EMP087,Omya Issac,PRJ010,TSK00284,24-05-2026,4.9,2.2,Yes,Sai Pathak,Provident ratione odit exercitationem quasi veritatis blanditiis natus.
TMS00562,EMP068,Ijaya Bedi,PRJ010,TSK00285,24-05-2026,7.1,2.9,No,Amaira Bajaj,Quae laboriosam deleniti dolorum quod quibusdam.
TMS00563,EMP068,Ijaya Bedi,PRJ010,TSK00285,24-05-2026,9.9,2.6,Yes,Ekbal Sankaran,Voluptatibus esse esse perspiciatis dolor ipsam.
TMS00564,EMP004,Darpan Borra,PRJ010,TSK00286,24-05-2026,9.3,1,No,Ubika Sunder,Molestias alias modi dolore aut.
TMS00565,EMP004,Darpan Borra,PRJ010,TSK00286,24-05-2026,5.1,1.3,No,Omya Ghose,Molestias sit officiis dignissimos inventore rerum quibusdam.
TMS00566,EMP049,Gaurangi Dugar,PRJ010,TSK00287,24-05-2026,3.5,1.7,No,Jhalak Vasa,Corporis veritatis accusamus sint soluta.
TMS00567,EMP049,Gaurangi Dugar,PRJ010,TSK00287,24-05-2026,8.7,0.4,No,Caleb Pal,Quae fuga illum quidem nostrum ipsa.
TMS00568,EMP082,Agastya Gill,PRJ010,TSK00288,24-05-2026,9.7,2.4,No,Samaksh Ramanathan,Doloribus doloribus officiis harum.
TMS00569,EMP082,Agastya Gill,PRJ010,TSK00288,24-05-2026,2.9,0,Yes,Lucky Patel,Eveniet illum fugit quas beatae animi sed.
TMS00570,EMP082,Agastya Gill,PRJ010,TSK00288,24-05-2026,5.7,0.5,No,Ishita Memon,Quam libero excepturi unde quo ab iure.
TMS00571,EMP036,Abhimanyu Contractor,PRJ010,TSK00289,24-05-2026,6.5,0.5,No,Oeshi Tandon,Odio dolorum quidem non nulla facere dicta.
TMS00572,EMP036,Abhimanyu Contractor,PRJ010,TSK00289,24-05-2026,4.3,2.4,Yes,Chandani Gupta,Accusamus beatae nisi doloribus.
TMS00573,EMP036,Abhimanyu Contractor,PRJ010,TSK00289,24-05-2026,5.6,0.7,Yes,Yatin Mittal,Necessitatibus dicta animi consectetur incidunt.
TMS00574,EMP057,Tristan Korpal,PRJ010,TSK00290,24-05-2026,5.9,0,No,Mason Mohan,Facilis cumque laborum.
TMS00575,EMP070,Indali Chawla,PRJ010,TSK00291,24-05-2026,8.7,0.1,Yes,Anay Karpe,Iste nam suscipit unde neque.
TMS00576,EMP070,Indali Chawla,PRJ010,TSK00291,24-05-2026,4.8,0.8,Yes,Upkaar Kamdar,Ducimus harum mollitia harum deserunt.
TMS00577,EMP070,Indali Chawla,PRJ010,TSK00291,24-05-2026,9.6,2.1,Yes,Dev Suri,Voluptatum odit nam voluptas exercitationem.
TMS00578,EMP010,Patrick Mani,PRJ010,TSK00292,24-05-2026,3.6,1.8,Yes,Hemangini Bhardwaj,Quae repellendus inventore molestias quisquam expedita assumenda.
TMS00579,EMP010,Patrick Mani,PRJ010,TSK00292,24-05-2026,4.3,0.1,No,Mitesh Nori,Sit sed in nostrum a ullam corrupti.
TMS00580,EMP010,Patrick Mani,PRJ010,TSK00292,24-05-2026,4,2,No,Bhavika Banerjee,Nisi pariatur occaecati magnam neque possimus molestias.
TMS00581,EMP050,Ishwar Taneja,PRJ010,TSK00293,24-05-2026,5.2,2.7,No,Balveer Chaudhuri,Quibusdam ipsa sequi autem nemo ad id.
TMS00582,EMP050,Ishwar Taneja,PRJ010,TSK00293,24-05-2026,9.4,1.8,Yes,Caleb Pai,Facere dicta nesciunt officia.
TMS00583,EMP062,Chandani Mane,PRJ010,TSK00294,24-05-2026,5.5,2.6,Yes,Charvi Grover,Provident id in sint a molestias.
TMS00584,EMP062,Chandani Mane,PRJ010,TSK00294,24-05-2026,7.5,0.6,Yes,Arya Ganguly,Debitis cupiditate amet aspernatur ea alias.
TMS00585,EMP062,Chandani Mane,PRJ010,TSK00294,24-05-2026,5.3,0.6,No,Kabir Zachariah,Repellat quisquam a provident.
TMS00586,EMP016,Daniel Sem,PRJ010,TSK00295,24-05-2026,4.4,2.8,No,Rachita Ghosh,Recusandae consequuntur autem ab.
TMS00587,EMP044,Aradhana Shenoy,PRJ010,TSK00296,24-05-2026,3.5,2.3,No,Rehaan Pandey,Ab iure voluptatibus non cumque sapiente animi.
TMS00588,EMP044,Aradhana Shenoy,PRJ010,TSK00296,24-05-2026,2.8,1.6,No,Radha Mangal,Quam odio ut et.
TMS00589,EMP044,Aradhana Shenoy,PRJ010,TSK00296,24-05-2026,6,2.1,No,Zarna Bath,Adipisci facere temporibus corrupti recusandae voluptatum.
TMS00590,EMP085,Zansi Dewan,PRJ010,TSK00297,24-05-2026,4.8,1.4,No,Oeshi Pal,Nihil possimus nisi necessitatibus deleniti.
TMS00591,EMP085,Zansi Dewan,PRJ010,TSK00297,24-05-2026,5.7,2.7,Yes,Mitali Butala,Enim tempore harum nesciunt sunt eaque dignissimos neque.
TMS00592,EMP057,Tristan Korpal,PRJ010,TSK00298,24-05-2026,2.7,0.4,No,Dalaja Kapadia,Fuga iusto molestias assumenda.
TMS00593,EMP057,Tristan Korpal,PRJ010,TSK00298,24-05-2026,8.3,1.7,No,Ayaan Bobal,Cumque accusantium sequi totam quia.
TMS00594,EMP009,Madhav Agate,PRJ010,TSK00299,24-05-2026,7,2.7,No,Mohini Lad,Reprehenderit nesciunt sapiente dolores cum iure.
TMS00595,EMP093,Charles Balan,PRJ010,TSK00300,24-05-2026,8,1.2,No,Ekalinga Choudhary,Eos dolorem eos.
TMS00596,EMP075,Indrajit Pradhan,PRJ011,TSK00301,24-05-2026,2,2.4,No,Hemang Korpal,Maiores eaque veniam velit neque explicabo molestias.
TMS00597,EMP075,Indrajit Pradhan,PRJ011,TSK00301,24-05-2026,8.7,0.3,No,Warinder Bahri,Quasi distinctio sint dolorum ipsum cumque.
TMS00598,EMP075,Indrajit Pradhan,PRJ011,TSK00301,24-05-2026,8.6,1.9,No,Yug Halder,Totam sint illo nam non cumque ducimus.
TMS00599,EMP006,Jagdish Mahal,PRJ011,TSK00302,24-05-2026,2.8,0.9,No,Vamakshi Keer,Odio delectus id nulla.
TMS00600,EMP006,Jagdish Mahal,PRJ011,TSK00302,24-05-2026,7.5,2.6,Yes,Sachi Sen,Quaerat mollitia nam sed.
TMS00601,EMP006,Jagdish Mahal,PRJ011,TSK00302,24-05-2026,7.9,2,Yes,Vritti Som,Eius earum odit beatae facilis odit ea.
TMS00602,EMP059,Rajata Dar,PRJ011,TSK00303,24-05-2026,3.6,0.4,No,Devika Mody,Nisi sapiente quas occaecati hic tempore totam quidem.
TMS00603,EMP059,Rajata Dar,PRJ011,TSK00303,24-05-2026,3.1,2.7,Yes,Rachit Edwin,Omnis impedit illo dolor rem ea nesciunt.
TMS00604,EMP059,Rajata Dar,PRJ011,TSK00303,24-05-2026,4.4,0.9,Yes,Warjas Chatterjee,Aliquam provident consequatur corrupti doloremque.
TMS00605,EMP029,Alexander Chadha,PRJ011,TSK00304,24-05-2026,7,0.6,Yes,Anya Balay,Repellat autem ipsam recusandae.
TMS00606,EMP029,Alexander Chadha,PRJ011,TSK00304,24-05-2026,2,1.8,Yes,Chaman Dayal,Aliquid earum repellendus id repudiandae officia recusandae officiis.
TMS00607,EMP074,Yuvraj Bora,PRJ011,TSK00305,24-05-2026,2.8,0.6,No,Henry Murty,Placeat sit hic tenetur delectus.
TMS00608,EMP074,Yuvraj Bora,PRJ011,TSK00305,24-05-2026,2.2,1.5,No,Kavya Pandit,Dicta voluptate neque architecto molestiae dolorem.
TMS00609,EMP074,Yuvraj Bora,PRJ011,TSK00305,24-05-2026,2.4,0.4,No,Manya Deo,Explicabo dolore fuga et recusandae.
TMS00610,EMP036,Abhimanyu Contractor,PRJ011,TSK00306,24-05-2026,9.9,2.5,No,Yash Deol,Ad illum ipsa provident.
TMS00611,EMP036,Abhimanyu Contractor,PRJ011,TSK00306,24-05-2026,8.6,2,Yes,Urvi Pillay,Beatae quam rem delectus est vitae.
TMS00612,EMP006,Jagdish Mahal,PRJ011,TSK00307,24-05-2026,3.2,0.1,Yes,Indali Palla,Consequatur temporibus fuga.
TMS00613,EMP006,Jagdish Mahal,PRJ011,TSK00307,24-05-2026,8.5,2,Yes,Siddharth Wadhwa,Vel totam molestias fugiat.
TMS00614,EMP001,Adweta Solanki,PRJ011,TSK00308,24-05-2026,7.9,1.6,No,Shivani Kaur,Magnam corporis modi.
TMS00615,EMP001,Adweta Solanki,PRJ011,TSK00308,24-05-2026,5.8,0.9,Yes,Rushil Bhagat,Facilis fugit voluptas sed consequatur.
TMS00616,EMP001,Adweta Solanki,PRJ011,TSK00308,24-05-2026,9.7,1.5,No,Hitesh Gulati,Eum perferendis excepturi in soluta a.
TMS00617,EMP082,Agastya Gill,PRJ011,TSK00309,24-05-2026,5.1,2.4,No,Gautami Sant,Dolor excepturi officia.
TMS00618,EMP082,Agastya Gill,PRJ011,TSK00309,24-05-2026,5.3,1.3,Yes,Nandini De,Possimus nostrum totam.
TMS00619,EMP005,Vinaya Dyal,PRJ011,TSK00310,24-05-2026,5.7,1.7,Yes,Suhani Puri,Non atque voluptas ab.
TMS00620,EMP005,Vinaya Dyal,PRJ011,TSK00310,24-05-2026,6.6,0.1,No,Damyanti Ranganathan,Blanditiis rerum ipsum veritatis eos aliquam.
TMS00621,EMP031,Aryan Gokhale,PRJ011,TSK00311,24-05-2026,9.3,1.1,Yes,Samarth Karnik,Vel quia quod illo unde qui minima.
TMS00622,EMP085,Zansi Dewan,PRJ011,TSK00312,24-05-2026,9.1,1.4,Yes,Urvashi Badal,Quidem nesciunt quo ad saepe.
TMS00623,EMP085,Zansi Dewan,PRJ011,TSK00312,24-05-2026,9.9,1.1,Yes,Waida Vig,Animi maxime deleniti qui tenetur reiciendis error.
TMS00624,EMP064,Reva Jayaraman,PRJ011,TSK00313,24-05-2026,9.2,1.6,Yes,Timothy Sachdev,Nesciunt minus esse.
TMS00625,EMP064,Reva Jayaraman,PRJ011,TSK00313,24-05-2026,3.4,0.5,No,Aarna Saxena,Dolores omnis ipsam quod.
TMS00626,EMP033,Yashodhara Mane,PRJ011,TSK00314,24-05-2026,7.7,2.4,No,Warda Mane,Similique repellat commodi debitis repellat hic.
TMS00627,EMP033,Yashodhara Mane,PRJ011,TSK00314,24-05-2026,8.3,2,No,Farhan Viswanathan,Unde minima tempore porro fuga molestiae.
TMS00628,EMP021,Saanvi Garde,PRJ011,TSK00315,24-05-2026,9.3,1.9,No,Arjun Mander,Molestiae rerum ab debitis amet.
TMS00629,EMP042,Amruta Mall,PRJ011,TSK00316,24-05-2026,6.8,0.5,No,Aadi Shah,Nesciunt porro hic ducimus doloremque deleniti quia.
TMS00630,EMP042,Amruta Mall,PRJ011,TSK00316,24-05-2026,3,1,No,Balendra Soman,Voluptate perspiciatis officiis repellat omnis quos consequatur.
TMS00631,EMP031,Aryan Gokhale,PRJ011,TSK00317,24-05-2026,6.9,1.2,Yes,Janaki Modi,Sit iure quia.
TMS00632,EMP031,Aryan Gokhale,PRJ011,TSK00317,24-05-2026,2.2,2.2,Yes,Darika Pingle,Omnis aliquam vitae repudiandae eos cupiditate nobis eius.
TMS00633,EMP031,Aryan Gokhale,PRJ011,TSK00317,24-05-2026,2.8,0.3,No,Gaurav Ravel,Suscipit consectetur consequatur suscipit.
TMS00634,EMP007,Chanchal Sinha,PRJ011,TSK00318,24-05-2026,8.1,2.9,Yes,Ethan Walia,Debitis reprehenderit molestias nostrum odit fuga minima.
TMS00635,EMP007,Chanchal Sinha,PRJ011,TSK00318,24-05-2026,2.8,2.6,No,Yadavi Barad,Officiis iusto eum deserunt tempore error.
TMS00636,EMP059,Rajata Dar,PRJ011,TSK00319,24-05-2026,9.4,0.2,No,Gayathri Chahal,Commodi exercitationem dolore magnam veritatis illo quas numquam.
TMS00637,EMP059,Rajata Dar,PRJ011,TSK00319,24-05-2026,2.9,2.5,Yes,Avni Kant,Praesentium ex soluta similique accusamus.
TMS00638,EMP073,Rachana Rajan,PRJ011,TSK00320,24-05-2026,8.1,1.8,Yes,Quincy Ramanathan,Libero quaerat corrupti natus quo rerum facilis.
TMS00639,EMP073,Rachana Rajan,PRJ011,TSK00320,24-05-2026,9.4,1,No,Balvan Madan,Expedita quibusdam consectetur reiciendis tempore iure sunt.
TMS00640,EMP098,Kashish Raj,PRJ011,TSK00321,24-05-2026,3.1,1.9,Yes,Warhi Ahluwalia,Molestias ipsum soluta commodi cupiditate assumenda.
TMS00641,EMP098,Kashish Raj,PRJ011,TSK00321,24-05-2026,3.6,1.5,No,Gaurav Saraf,Quisquam libero saepe temporibus.
TMS00642,EMP053,Ekaraj Pandya,PRJ011,TSK00322,24-05-2026,3.6,0.5,Yes,Ubika Dugal,Quisquam quod itaque.
TMS00643,EMP095,Hemal Lata,PRJ011,TSK00323,24-05-2026,6.7,1.9,Yes,Farhan Mohanty,Perspiciatis quidem quibusdam explicabo enim exercitationem aut.
TMS00644,EMP054,Vasatika Thaker,PRJ011,TSK00324,24-05-2026,2.3,0.4,Yes,Harsh Iyer,Dolore nobis repellat occaecati ab.
TMS00645,EMP090,Mohini Aurora,PRJ011,TSK00325,24-05-2026,8.2,1.7,Yes,Pushti Goswami,Assumenda esse animi qui voluptatibus eligendi.
TMS00646,EMP090,Mohini Aurora,PRJ011,TSK00325,24-05-2026,4.7,2,No,Rajata Baral,Asperiores alias deserunt corporis blanditiis rem.
TMS00647,EMP089,Alexander Singhal,PRJ011,TSK00326,24-05-2026,8.7,1.7,No,Geetika D’Alia,Modi placeat veniam eius fuga ipsa.
TMS00648,EMP003,Naveen Dugar,PRJ011,TSK00327,24-05-2026,4.8,1.9,Yes,Gabriel Sankaran,Eveniet at placeat architecto illum.
TMS00649,EMP003,Naveen Dugar,PRJ011,TSK00327,24-05-2026,8.4,1.3,No,Rajeshri Virk,Distinctio dolorum perferendis ipsum.
TMS00650,EMP003,Naveen Dugar,PRJ011,TSK00327,24-05-2026,9,1.7,Yes,Ayush Jhaveri,Repellendus mollitia quia commodi.
TMS00651,EMP091,Ubika Sachdev,PRJ011,TSK00328,24-05-2026,4.4,0.4,Yes,Shravya Ramachandran,Fugiat modi veniam sunt eaque consequatur deleniti.
TMS00652,EMP091,Ubika Sachdev,PRJ011,TSK00328,24-05-2026,2.4,1.6,Yes,Hema Krishna,Facere libero dolorum eligendi necessitatibus aliquam delectus.
TMS00653,EMP091,Ubika Sachdev,PRJ011,TSK00328,24-05-2026,3.8,2.8,No,Dipta Pant,Culpa ab iure debitis assumenda.
TMS00654,EMP043,Urvashi Brar,PRJ011,TSK00329,24-05-2026,7.6,0.2,Yes,Kashvi Joshi,Quae ratione qui perspiciatis libero quae nisi quaerat.
TMS00655,EMP043,Urvashi Brar,PRJ011,TSK00329,24-05-2026,9.7,0.2,Yes,Oliver Dave,Alias dicta corporis similique molestiae officiis at.
TMS00656,EMP095,Hemal Lata,PRJ011,TSK00330,24-05-2026,9.5,1.5,No,Amruta Dhillon,Quibusdam delectus illo quidem.
TMS00657,EMP095,Hemal Lata,PRJ011,TSK00330,24-05-2026,6.9,1.6,Yes,Yuvraj Singhal,Illum modi amet blanditiis.
TMS00658,EMP095,Hemal Lata,PRJ011,TSK00330,24-05-2026,6.7,2.8,No,Finn Raman,Reiciendis ex accusantium aspernatur.
TMS00659,EMP080,Anay Soman,PRJ012,TSK00331,24-05-2026,2.2,1,No,Indali Gera,Culpa autem voluptatibus adipisci.
TMS00660,EMP080,Anay Soman,PRJ012,TSK00331,24-05-2026,3.6,2.7,Yes,Nisha Ratti,Maiores deserunt dignissimos modi nam unde minus.
TMS00661,EMP080,Anay Soman,PRJ012,TSK00331,24-05-2026,3.1,1.6,No,Reyansh Srivastava,Sed impedit alias reprehenderit.
TMS00662,EMP018,Jeet Ranganathan,PRJ012,TSK00332,24-05-2026,9.3,0.2,No,Michael Reddy,Adipisci adipisci cupiditate nemo alias molestiae rerum.
TMS00663,EMP018,Jeet Ranganathan,PRJ012,TSK00332,24-05-2026,2.6,2.8,Yes,Madhav Gour,Laudantium laborum ea ipsa est.
TMS00664,EMP018,Jeet Ranganathan,PRJ012,TSK00332,24-05-2026,4.8,0.2,No,Champak Vala,Laborum nesciunt recusandae quibusdam expedita.
TMS00665,EMP035,Nidhi Ray,PRJ012,TSK00333,24-05-2026,7.9,2.8,No,Vedant Mitra,Rem beatae assumenda fugit dicta dolorum laboriosam.
TMS00666,EMP035,Nidhi Ray,PRJ012,TSK00333,24-05-2026,9.6,0.8,Yes,Manan Sheth,Ipsa officia eius assumenda mollitia vero.
TMS00667,EMP035,Nidhi Ray,PRJ012,TSK00333,24-05-2026,2.8,1.5,Yes,Laban Parmer,Consequuntur incidunt nulla aspernatur quisquam voluptate.
TMS00668,EMP065,Amara Parikh,PRJ012,TSK00334,24-05-2026,4.8,1.4,Yes,Jason Hayre,Eaque occaecati laborum maiores.
TMS00669,EMP065,Amara Parikh,PRJ012,TSK00334,24-05-2026,2.2,0.2,Yes,Anthony Dutta,Beatae vitae nobis.
TMS00670,EMP065,Amara Parikh,PRJ012,TSK00334,24-05-2026,6.3,2.6,Yes,Darpan Devan,Officiis illo quo fugiat.
TMS00671,EMP012,Nimrat Sarraf,PRJ012,TSK00335,24-05-2026,5.9,1.2,No,Kashish Parmar,Et culpa quae quis sit saepe at.
TMS00672,EMP012,Nimrat Sarraf,PRJ012,TSK00335,24-05-2026,7.6,1.3,No,Baljiwan Gara,Dolorem hic at minima debitis.
TMS00673,EMP012,Nimrat Sarraf,PRJ012,TSK00335,24-05-2026,6.4,0.3,Yes,Arunima Sharma,Neque exercitationem doloremque ullam perferendis consequatur nostrum.
TMS00674,EMP015,Kalpit Mutti,PRJ012,TSK00336,24-05-2026,9.9,1.1,Yes,Vinaya Bhagat,Magni voluptas dolor ea distinctio praesentium.
TMS00675,EMP015,Kalpit Mutti,PRJ012,TSK00336,24-05-2026,4.7,2.8,Yes,Nidra Pradhan,Dolorum commodi magnam vel.
TMS00676,EMP015,Kalpit Mutti,PRJ012,TSK00336,24-05-2026,3.9,1.8,Yes,Warda Oza,Rerum voluptates rem adipisci veritatis.
TMS00677,EMP070,Indali Chawla,PRJ012,TSK00337,24-05-2026,8,2.7,Yes,Ria Bail,Eos cum nam earum earum.
TMS00678,EMP070,Indali Chawla,PRJ012,TSK00337,24-05-2026,9.9,0,Yes,Samarth Subramaniam,Natus veniam aliquid maiores nobis exercitationem quas consectetur.
TMS00679,EMP009,Madhav Agate,PRJ012,TSK00338,24-05-2026,2.6,0.4,Yes,Indira Sathe,Error esse sunt.
TMS00680,EMP086,Shivansh Sachdev,PRJ012,TSK00339,24-05-2026,2.3,1,Yes,Yashawini Desai,Aperiam facilis dolore veniam voluptatum velit facere dolorem.
TMS00681,EMP086,Shivansh Sachdev,PRJ012,TSK00339,24-05-2026,10,0.4,No,Vincent Dara,Soluta voluptatibus quas.
TMS00682,EMP030,Dakshesh Kala,PRJ012,TSK00340,24-05-2026,7.3,2,Yes,Adya Cherian,Perspiciatis cumque iusto id.
TMS00683,EMP030,Dakshesh Kala,PRJ012,TSK00340,24-05-2026,4,1.6,No,Nathan Kanda,Facilis voluptatum odio illum assumenda.
TMS00684,EMP022,Ekavir Barman,PRJ012,TSK00341,24-05-2026,7.9,1.1,Yes,Yashasvi Lal,Animi impedit ipsa saepe natus enim dolore.
TMS00685,EMP022,Ekavir Barman,PRJ012,TSK00341,24-05-2026,5.5,0.9,No,Abdul Krishna,Consequuntur numquam ad.
TMS00686,EMP022,Ekavir Barman,PRJ012,TSK00341,24-05-2026,8.2,0.9,Yes,Qadim Iyer,Consectetur dolor cum earum iusto provident reiciendis laboriosam.
TMS00687,EMP015,Kalpit Mutti,PRJ012,TSK00342,24-05-2026,9.1,1,Yes,Mugdha Sani,Veniam necessitatibus labore tempora architecto illo.
TMS00688,EMP015,Kalpit Mutti,PRJ012,TSK00342,24-05-2026,2.4,2.7,No,Devansh Kadakia,Qui eaque quis tenetur possimus sit.
TMS00689,EMP015,Kalpit Mutti,PRJ012,TSK00342,24-05-2026,4.2,0.6,Yes,Ekbal Som,Facilis libero corrupti molestias incidunt.
TMS00690,EMP072,Triveni Comar,PRJ012,TSK00343,24-05-2026,3.8,2.2,Yes,Yashawini Ravi,Rem aut deserunt.
TMS00691,EMP072,Triveni Comar,PRJ012,TSK00343,24-05-2026,3,2.2,Yes,Aarnav Shan,Tenetur recusandae iusto.
TMS00692,EMP072,Triveni Comar,PRJ012,TSK00343,24-05-2026,2.3,0.7,No,Anthony Basu,Sed cupiditate vero aspernatur cupiditate velit.
TMS00693,EMP069,Dominic Dewan,PRJ012,TSK00344,24-05-2026,8.1,2.9,Yes,Anirudh Rajagopalan,Deserunt aut id impedit a ad quas.
TMS00694,EMP069,Dominic Dewan,PRJ012,TSK00344,24-05-2026,6,0.1,No,Laban Chatterjee,Iste ab reiciendis culpa reiciendis quas.
TMS00695,EMP069,Dominic Dewan,PRJ012,TSK00344,24-05-2026,6.7,0.9,Yes,Luke Mitra,Labore harum at sit necessitatibus laboriosam pariatur vitae.
TMS00696,EMP020,Qabil Chaudhry,PRJ012,TSK00345,24-05-2026,4.2,1.8,No,Bhavini Sane,Magni error asperiores dignissimos praesentium molestias est.
TMS00697,EMP086,Shivansh Sachdev,PRJ012,TSK00346,24-05-2026,8.9,1.2,Yes,Tanish Palla,Recusandae magnam aperiam illo tempore nulla.
TMS00698,EMP087,Omya Issac,PRJ012,TSK00347,24-05-2026,3.6,0.6,No,Kritika Nath,Ratione porro dicta facere.
TMS00699,EMP042,Amruta Mall,PRJ012,TSK00348,24-05-2026,2.4,0.9,No,Pooja Dar,Rem nobis facilis quas laudantium molestias.
TMS00700,EMP042,Amruta Mall,PRJ012,TSK00348,24-05-2026,9.5,2.7,No,Abeer Pau,Blanditiis facilis provident quisquam fugiat eos saepe.
TMS00701,EMP042,Amruta Mall,PRJ012,TSK00348,24-05-2026,9.4,2.7,Yes,Reva Bala,Expedita ea tempora corrupti labore qui eum.
TMS00702,EMP069,Dominic Dewan,PRJ012,TSK00349,24-05-2026,4.7,2.5,No,Bakhshi Shanker,Nostrum numquam quas esse voluptatum quisquam.
TMS00703,EMP066,Harita Doshi,PRJ012,TSK00350,24-05-2026,8.3,2.8,Yes,Wridesh Sarkar,Fugit repellendus deserunt quibusdam enim maiores.
TMS00704,EMP066,Harita Doshi,PRJ012,TSK00350,24-05-2026,8.5,1.7,No,Ubika Soni,Odio voluptas omnis et expedita.
TMS00705,EMP002,Kalpit Deol,PRJ012,TSK00351,24-05-2026,5.7,1.7,No,Geetika Manda,Quis ad id amet quas praesentium soluta.
TMS00706,EMP002,Kalpit Deol,PRJ012,TSK00351,24-05-2026,3.3,1.1,Yes,Ryan Brar,Debitis ut veniam nobis ut praesentium.
TMS00707,EMP002,Kalpit Deol,PRJ012,TSK00351,24-05-2026,3.1,0,No,Chatresh Dhar,Nemo impedit accusantium.
TMS00708,EMP094,Ekaja Sawhney,PRJ012,TSK00352,24-05-2026,10,2.3,No,Rachita Gour,Itaque sunt similique dicta.
TMS00709,EMP018,Jeet Ranganathan,PRJ012,TSK00353,24-05-2026,6.6,0.1,No,Kamya Date,Consectetur ratione nihil.
TMS00710,EMP018,Jeet Ranganathan,PRJ012,TSK00353,24-05-2026,4.9,2,Yes,Maanav Lad,Ea iure accusantium culpa officiis.
TMS00711,EMP076,Qadim Mander,PRJ012,TSK00354,24-05-2026,4.5,2,No,Kai Verma,Officiis quasi excepturi consequatur assumenda saepe eum.
TMS00712,EMP060,Ishanvi Choudhry,PRJ012,TSK00355,24-05-2026,5.6,0.1,Yes,Ijaya Krishnamurthy,Quaerat quam veritatis odit voluptas consequuntur.
TMS00713,EMP039,Ayaan Johal,PRJ012,TSK00356,24-05-2026,2.3,1.1,Yes,Aradhana Mannan,Id inventore dolorum maxime.
TMS00714,EMP039,Ayaan Johal,PRJ012,TSK00356,24-05-2026,5.3,1.7,Yes,Radhika Bakshi,Dignissimos debitis repudiandae temporibus.
TMS00715,EMP039,Ayaan Johal,PRJ012,TSK00357,24-05-2026,9.2,1.7,Yes,Onveer Ahuja,Nihil tempore rerum sit delectus.
TMS00716,EMP039,Ayaan Johal,PRJ012,TSK00357,24-05-2026,5.5,0.8,No,Janya Dua,Ea dolore blanditiis est beatae deserunt maxime dolore.
TMS00717,EMP032,Wakeeta Deshpande,PRJ012,TSK00358,24-05-2026,9,0.4,Yes,Lipika Dhawan,Nihil fugiat nesciunt est eius inventore minima.
TMS00718,EMP032,Wakeeta Deshpande,PRJ012,TSK00358,24-05-2026,3.2,1.9,Yes,Mitali Tiwari,Voluptas tenetur unde molestias reiciendis provident.
TMS00719,EMP073,Rachana Rajan,PRJ012,TSK00359,24-05-2026,2.9,0.1,No,Champak Shanker,Optio maiores sapiente asperiores harum neque.
TMS00720,EMP003,Naveen Dugar,PRJ012,TSK00360,24-05-2026,4.5,1.7,Yes,Shaurya Krishnamurthy,Libero illum commodi.
TMS00721,EMP003,Naveen Dugar,PRJ012,TSK00360,24-05-2026,2.5,2.1,No,Rushil Sha,Ullam possimus fugit tempora sint.
TMS00722,EMP003,Naveen Dugar,PRJ012,TSK00360,24-05-2026,9.8,0,No,Yashoda Mangat,Harum illo nihil ipsa rerum ab.
TMS00723,EMP046,Xiti Baral,PRJ013,TSK00361,24-05-2026,7.7,1.8,No,Maanav Sathe,Neque aliquam vero aliquam aut cupiditate repellendus.
TMS00724,EMP046,Xiti Baral,PRJ013,TSK00361,24-05-2026,2.9,1.5,Yes,Veda Prabhakar,Vitae dolore minima corporis suscipit veritatis.
TMS00725,EMP046,Xiti Baral,PRJ013,TSK00361,24-05-2026,6.1,0.7,No,Amaira Palan,Occaecati saepe iste.
TMS00726,EMP038,Thomas Dada,PRJ013,TSK00362,24-05-2026,5,2.5,No,Kamala Johal,Adipisci velit dicta dolorum nisi atque.
TMS00727,EMP038,Thomas Dada,PRJ013,TSK00362,24-05-2026,2.6,1.3,No,Sanaya Keer,Consequuntur nisi reprehenderit suscipit dolorem ullam reiciendis vitae.
TMS00728,EMP038,Thomas Dada,PRJ013,TSK00362,24-05-2026,3.1,1,No,Mohini Padmanabhan,Sit ipsam illum delectus consequuntur totam.
TMS00729,EMP041,Chatura Oza,PRJ013,TSK00363,24-05-2026,9.8,2.7,No,Qarin Kapadia,Accusantium ab ipsum ex iste eaque.
TMS00730,EMP041,Chatura Oza,PRJ013,TSK00363,24-05-2026,5.8,2.9,Yes,Tanish Chaudhary,Totam possimus eveniet eligendi ipsam.
TMS00731,EMP067,Vivaan Gandhi,PRJ013,TSK00364,24-05-2026,4.9,0.9,Yes,Geetika Karpe,Optio placeat enim veniam voluptates ullam perspiciatis.
TMS00732,EMP020,Qabil Chaudhry,PRJ013,TSK00365,24-05-2026,2.2,1.8,No,Faris Ranganathan,Eius dolores fuga quis.
TMS00733,EMP020,Qabil Chaudhry,PRJ013,TSK00365,24-05-2026,6.1,2.3,No,Vaishnavi Salvi,Quibusdam ratione magni fugit ab dolorum.
TMS00734,EMP020,Qabil Chaudhry,PRJ013,TSK00365,24-05-2026,9.5,1.1,Yes,Libni Sandhu,Occaecati totam iure expedita minus odit.
TMS00735,EMP003,Naveen Dugar,PRJ013,TSK00366,24-05-2026,7.8,1.1,Yes,Dalbir Dani,Dignissimos qui impedit molestiae quas unde quas expedita.
TMS00736,EMP003,Naveen Dugar,PRJ013,TSK00366,24-05-2026,9.6,2.9,Yes,Sara Khosla,Perferendis soluta maiores placeat odio quo sit.
TMS00737,EMP003,Naveen Dugar,PRJ013,TSK00366,24-05-2026,6.5,3,No,Nidhi Sule,Laudantium deleniti est maiores ex.
TMS00738,EMP098,Kashish Raj,PRJ013,TSK00367,24-05-2026,7.9,2.5,Yes,Bhavna Dixit,Autem quisquam saepe.
TMS00739,EMP098,Kashish Raj,PRJ013,TSK00367,24-05-2026,6.9,2,No,Pahal Kar,Unde consequatur dolore non reprehenderit minus praesentium.
TMS00740,EMP098,Kashish Raj,PRJ013,TSK00367,24-05-2026,4.5,0.6,No,Ikshita Barman,Nihil aliquam ipsam labore id nam sit.
TMS00741,EMP019,Eta Narang,PRJ013,TSK00368,24-05-2026,4.6,2.4,No,Yadavi Hora,Sequi tempore autem voluptatibus earum placeat pariatur ab.
TMS00742,EMP098,Kashish Raj,PRJ013,TSK00369,24-05-2026,5.6,2.2,Yes,Yochana Borra,Voluptatum omnis eos natus distinctio ducimus commodi.
TMS00743,EMP005,Vinaya Dyal,PRJ013,TSK00370,24-05-2026,3.9,2.2,No,Daksha Bajaj,Suscipit in itaque dolorem dolor.
TMS00744,EMP005,Vinaya Dyal,PRJ013,TSK00370,24-05-2026,4.9,1.1,Yes,Chandran Gola,Aliquam fugit dolorum odio quisquam eos.
TMS00745,EMP005,Vinaya Dyal,PRJ013,TSK00370,24-05-2026,9.3,2,Yes,Jagrati Dugal,Nisi natus cum.
TMS00746,EMP002,Kalpit Deol,PRJ013,TSK00371,24-05-2026,8.3,0.7,Yes,Aditya Bhardwaj,Culpa esse perspiciatis alias.
TMS00747,EMP002,Kalpit Deol,PRJ013,TSK00371,24-05-2026,9.4,0.7,No,Aayush Sant,Odit aperiam tempora praesentium illo.
TMS00748,EMP019,Eta Narang,PRJ013,TSK00372,24-05-2026,6.7,0.4,No,Henry Mukhopadhyay,Tempora pariatur fugit numquam debitis.
TMS00749,EMP019,Eta Narang,PRJ013,TSK00372,24-05-2026,8.4,1,Yes,Urvashi Salvi,Quibusdam ducimus sequi ipsam.
TMS00750,EMP019,Eta Narang,PRJ013,TSK00372,24-05-2026,2.7,1.3,Yes,Ijaya Puri,Maxime optio asperiores temporibus facere veritatis.
TMS00751,EMP079,Balvan Shere,PRJ013,TSK00373,24-05-2026,6,2.6,Yes,Yachana Luthra,Atque cumque magni labore.
TMS00752,EMP079,Balvan Shere,PRJ013,TSK00373,24-05-2026,9.2,2.6,Yes,Ethan Ratta,Voluptas quasi tenetur fugiat veritatis.
TMS00753,EMP079,Balvan Shere,PRJ013,TSK00373,24-05-2026,3.3,1.3,No,Darpan Bal,Quidem modi incidunt hic nobis quo.
TMS00754,EMP025,Udarsh Kaul,PRJ013,TSK00374,24-05-2026,2.8,2.6,No,Ojas Varma,Quam expedita eveniet reprehenderit.
TMS00755,EMP025,Udarsh Kaul,PRJ013,TSK00374,24-05-2026,2.2,0.5,Yes,Aarnav Parmar,Quidem id voluptatum quis occaecati.
TMS00756,EMP025,Udarsh Kaul,PRJ013,TSK00374,24-05-2026,3.1,2.6,No,Azaan Batta,Mollitia necessitatibus consequuntur ex iure.
TMS00757,EMP047,Gautam Dhar,PRJ013,TSK00375,24-05-2026,4.8,1.2,Yes,Baghyawati Sunder,Autem eligendi placeat in tempore.
TMS00758,EMP047,Gautam Dhar,PRJ013,TSK00375,24-05-2026,7.7,0.4,No,Zaitra Bhavsar,Nam atque temporibus numquam voluptatem cumque deserunt asperiores.
TMS00759,EMP066,Harita Doshi,PRJ013,TSK00376,24-05-2026,6.9,0.3,Yes,Jatin Hayer,Neque numquam ut earum architecto temporibus.
TMS00760,EMP066,Harita Doshi,PRJ013,TSK00376,24-05-2026,2.6,2.8,No,Laban Deo,Nesciunt non praesentium consequuntur delectus.
TMS00761,EMP066,Harita Doshi,PRJ013,TSK00376,24-05-2026,9.3,1.9,No,Saanvi Yohannan,Iste consequuntur natus quo totam vel inventore.
TMS00762,EMP018,Jeet Ranganathan,PRJ013,TSK00377,24-05-2026,8.1,2.1,Yes,Mekhala Butala,Hic provident non.
TMS00763,EMP018,Jeet Ranganathan,PRJ013,TSK00377,24-05-2026,7.8,1.8,Yes,Eta Batra,Nobis nihil ipsam laudantium.
TMS00764,EMP050,Ishwar Taneja,PRJ013,TSK00378,24-05-2026,9.2,1.8,No,Rajeshri Parsa,Inventore fuga explicabo nemo.
TMS00765,EMP055,Azad Nadkarni,PRJ013,TSK00379,24-05-2026,7.2,1.1,No,Damyanti Grewal,Deserunt unde debitis placeat explicabo.
TMS00766,EMP055,Azad Nadkarni,PRJ013,TSK00379,24-05-2026,3.4,2.2,No,Caleb Sangha,Pariatur aliquid dolorem tempora quis ex.
TMS00767,EMP055,Azad Nadkarni,PRJ013,TSK00379,24-05-2026,9.6,0.3,No,Anjali Deo,Reprehenderit esse veritatis sequi accusantium.
TMS00768,EMP087,Omya Issac,PRJ013,TSK00380,24-05-2026,4.7,1.7,No,Peter Borra,Recusandae reiciendis ratione repellat eaque laborum.
TMS00769,EMP087,Omya Issac,PRJ013,TSK00380,24-05-2026,4.3,1.2,Yes,Anika Mahal,Optio tenetur architecto rem officia quam.
TMS00770,EMP089,Alexander Singhal,PRJ013,TSK00381,24-05-2026,2.3,2.8,Yes,Dayita Sathe,Nemo facere ipsam autem.
TMS00771,EMP052,Ekalinga Ravi,PRJ013,TSK00382,24-05-2026,6.2,1.7,No,Vyanjana Sheth,Laboriosam eligendi saepe iusto.
TMS00772,EMP052,Ekalinga Ravi,PRJ013,TSK00382,24-05-2026,2.8,0.9,Yes,Zaitra Raghavan,Autem ex et quae ex.
TMS00773,EMP052,Ekalinga Ravi,PRJ013,TSK00383,24-05-2026,4.2,1.3,Yes,Hitesh Palla,Sed omnis veritatis.
TMS00774,EMP052,Ekalinga Ravi,PRJ013,TSK00383,24-05-2026,4.3,2.8,Yes,Radha Grewal,Accusamus itaque sint id tempora accusantium animi.
TMS00775,EMP014,Unni Om,PRJ013,TSK00384,24-05-2026,7.3,0.4,Yes,Henry Ramesh,Totam debitis nihil.
TMS00776,EMP095,Hemal Lata,PRJ013,TSK00385,24-05-2026,8.7,2.3,Yes,Rachana Sami,Nesciunt sapiente explicabo quas consequatur labore est laboriosam.
TMS00777,EMP095,Hemal Lata,PRJ013,TSK00385,24-05-2026,6.8,0.1,Yes,Damyanti Lalla,Voluptatem quisquam dolores a.
TMS00778,EMP095,Hemal Lata,PRJ013,TSK00385,24-05-2026,2.1,2.5,Yes,Tanvi Gopal,Reiciendis delectus labore magnam.
TMS00779,EMP042,Amruta Mall,PRJ013,TSK00386,24-05-2026,3.6,2.8,No,Anusha Wadhwa,Quo nostrum animi a exercitationem expedita.
TMS00780,EMP042,Amruta Mall,PRJ013,TSK00386,24-05-2026,7.9,1.6,No,Urvashi Mander,Odit cupiditate illum quia sequi tenetur veritatis.
TMS00781,EMP085,Zansi Dewan,PRJ013,TSK00387,24-05-2026,9.3,2.1,Yes,Rajata Oak,Rem reiciendis minima illo aperiam.
TMS00782,EMP085,Zansi Dewan,PRJ013,TSK00387,24-05-2026,5.6,1.3,No,Nidra Rout,Voluptatibus magni occaecati accusamus quos voluptatum nostrum totam.
TMS00783,EMP050,Ishwar Taneja,PRJ013,TSK00388,24-05-2026,8.9,3,Yes,Vihaan Sekhon,Iure ipsum saepe cumque dignissimos iste a.
TMS00784,EMP072,Triveni Comar,PRJ013,TSK00389,24-05-2026,8.4,2.2,Yes,Kabir Subramaniam,In nulla accusamus occaecati quam quos praesentium dolorum.
TMS00785,EMP072,Triveni Comar,PRJ013,TSK00389,24-05-2026,7.8,1,No,Yashodhara Gokhale,Dolore sed a laborum officiis.
TMS00786,EMP063,Bhavini Seth,PRJ013,TSK00390,24-05-2026,5.6,2.2,Yes,Aashi Choudhry,Sunt nihil repellendus dicta.
TMS00787,EMP063,Bhavini Seth,PRJ013,TSK00390,24-05-2026,7.7,0.9,Yes,Baljiwan Raju,Beatae fugiat delectus sapiente praesentium.
TMS00788,EMP008,Balveer Bains,PRJ014,TSK00391,24-05-2026,2.8,2.1,No,Oliver Cheema,Nulla at aut repellat itaque.
TMS00789,EMP008,Balveer Bains,PRJ014,TSK00391,24-05-2026,3.5,1.7,Yes,Azaan Sachdev,Inventore iure consequatur officiis sapiente consequatur modi.
TMS00790,EMP004,Darpan Borra,PRJ014,TSK00392,24-05-2026,7,0.7,No,Jairaj Narula,Voluptate consequuntur nemo quae eligendi laboriosam.
TMS00791,EMP004,Darpan Borra,PRJ014,TSK00392,24-05-2026,9,0.7,Yes,Sanaya Nagarajan,Quasi perferendis inventore dolores natus nostrum.
TMS00792,EMP004,Darpan Borra,PRJ014,TSK00392,24-05-2026,4.1,0.5,Yes,Omisha Mall,Possimus eum ullam cum autem.
TMS00793,EMP055,Azad Nadkarni,PRJ014,TSK00393,24-05-2026,6,0.4,Yes,Devansh Naidu,Officia ratione mollitia quisquam odio perferendis.
TMS00794,EMP055,Azad Nadkarni,PRJ014,TSK00393,24-05-2026,9.6,2.6,Yes,Idika Venkataraman,Iste quae ducimus ad.
TMS00795,EMP055,Azad Nadkarni,PRJ014,TSK00393,24-05-2026,2,0.2,Yes,Aadi Nagar,Quis fuga omnis amet.
TMS00796,EMP083,Siddharth Banerjee,PRJ014,TSK00394,24-05-2026,3.4,1.3,No,Champak Vora,Magnam eius reiciendis commodi error deleniti.
TMS00797,EMP083,Siddharth Banerjee,PRJ014,TSK00394,24-05-2026,6.9,1.9,Yes,Xavier Vohra,Ut ad impedit omnis.
TMS00798,EMP083,Siddharth Banerjee,PRJ014,TSK00394,24-05-2026,7.1,1.5,Yes,Geetika Din,Architecto nobis odio minus provident alias animi.
TMS00799,EMP003,Naveen Dugar,PRJ014,TSK00395,24-05-2026,8.7,2.6,No,Onveer Dave,Debitis officia aperiam veniam.
TMS00800,EMP003,Naveen Dugar,PRJ014,TSK00395,24-05-2026,5.9,1.9,No,Yahvi Kaur,Modi ratione distinctio dolorem dolores.
TMS00801,EMP061,Yashodhara Chadha,PRJ014,TSK00396,24-05-2026,5.8,0.3,Yes,Nilima Basak,Itaque mollitia nam blanditiis.
TMS00802,EMP061,Yashodhara Chadha,PRJ014,TSK00396,24-05-2026,9.7,2.7,No,Ijaya Tak,Quas architecto expedita repellendus.
TMS00803,EMP061,Yashodhara Chadha,PRJ014,TSK00396,24-05-2026,5.4,1.3,Yes,Aadhya Sandhu,Nihil rem enim quidem nostrum dolor maiores dignissimos.
TMS00804,EMP013,Chanakya Chana,PRJ014,TSK00397,24-05-2026,5.4,0.5,No,Tamanna Contractor,Culpa quo laborum repellendus qui.
TMS00805,EMP013,Chanakya Chana,PRJ014,TSK00397,24-05-2026,7.3,1,No,Vasana Ramanathan,Totam possimus consectetur at.
TMS00806,EMP013,Chanakya Chana,PRJ014,TSK00397,24-05-2026,7.6,2.3,No,Kritika Dora,Nostrum nemo deserunt voluptas eligendi.
TMS00807,EMP026,Madhav Roy,PRJ014,TSK00398,24-05-2026,6.8,2.1,Yes,Zaid Prasad,Natus doloremque esse est.
TMS00808,EMP026,Madhav Roy,PRJ014,TSK00398,24-05-2026,4.3,1.5,No,Vaishnavi Warrior,Dolores vero maiores.
TMS00809,EMP052,Ekalinga Ravi,PRJ014,TSK00399,24-05-2026,6.5,1,No,Mitesh Das,Tempore dolorum aliquam.
TMS00810,EMP068,Ijaya Bedi,PRJ014,TSK00400,24-05-2026,5.1,1.3,No,Vivaan Palla,Voluptatibus sequi reiciendis aut laboriosam.
TMS00811,EMP068,Ijaya Bedi,PRJ014,TSK00400,24-05-2026,4.1,0.2,No,Kalpit Parmar,Saepe error eligendi repudiandae consequatur.
TMS00812,EMP056,Widisha Lad,PRJ014,TSK00401,24-05-2026,3.8,1.9,Yes,Ishaan Lall,Unde fugit cum voluptas.
TMS00813,EMP056,Widisha Lad,PRJ014,TSK00401,24-05-2026,4.5,1.2,Yes,Neel Mani,Dolor impedit possimus libero ducimus.
TMS00814,EMP056,Widisha Lad,PRJ014,TSK00401,24-05-2026,6.3,2.3,Yes,Matthew Bains,Nemo ipsum laudantium magni.
TMS00815,EMP098,Kashish Raj,PRJ014,TSK00402,24-05-2026,6.9,0.4,Yes,Tristan Mann,Autem dolorem debitis quam aliquid temporibus ducimus recusandae.
TMS00816,EMP098,Kashish Raj,PRJ014,TSK00402,24-05-2026,9.6,0.1,No,Ansh Bobal,Praesentium veniam asperiores quidem excepturi.
TMS00817,EMP098,Kashish Raj,PRJ014,TSK00402,24-05-2026,2.7,2.1,No,Shivansh Trivedi,Omnis exercitationem totam minus.
TMS00818,EMP069,Dominic Dewan,PRJ014,TSK00403,24-05-2026,2.5,0.1,Yes,Lipika Kata,Nam iure atque.
TMS00819,EMP069,Dominic Dewan,PRJ014,TSK00403,24-05-2026,4.9,0.6,Yes,Lajita Singh,Quod nemo assumenda corrupti laboriosam repellendus perspiciatis.
TMS00820,EMP069,Dominic Dewan,PRJ014,TSK00403,24-05-2026,8.7,1.2,Yes,Gaurang Hora,Ratione libero quod rerum.
TMS00821,EMP020,Qabil Chaudhry,PRJ014,TSK00404,24-05-2026,8.4,2.7,No,Benjamin Munshi,Harum nesciunt amet totam quis.
TMS00822,EMP020,Qabil Chaudhry,PRJ014,TSK00404,24-05-2026,5.3,1.7,Yes,Janani Seshadri,Explicabo libero eveniet beatae.
TMS00823,EMP037,Samarth Goel,PRJ014,TSK00405,24-05-2026,2.3,0.1,Yes,Chameli Seshadri,Nihil vitae ad quaerat illum suscipit.
TMS00824,EMP004,Darpan Borra,PRJ014,TSK00406,24-05-2026,5.2,1.5,Yes,Panini Vora,In ab nisi accusamus delectus aliquid.
TMS00825,EMP004,Darpan Borra,PRJ014,TSK00406,24-05-2026,4.3,0.1,Yes,Yamini Sami,Magnam vel vel corporis temporibus similique expedita quod.
TMS00826,EMP004,Darpan Borra,PRJ014,TSK00406,24-05-2026,2.3,2.2,No,Aarna Ramachandran,Ab aspernatur aperiam illo voluptatum.
TMS00827,EMP026,Madhav Roy,PRJ014,TSK00407,24-05-2026,5.2,2.5,No,Aarav Dhaliwal,Vero nihil voluptatum aperiam magnam quibusdam reprehenderit.
TMS00828,EMP026,Madhav Roy,PRJ014,TSK00407,24-05-2026,8.9,0.2,No,Neelima Kapoor,Nostrum nobis earum.
TMS00829,EMP026,Madhav Roy,PRJ014,TSK00407,24-05-2026,2.2,2.2,Yes,Nikita Ramakrishnan,Molestiae culpa officiis deserunt consectetur natus dicta.
TMS00830,EMP023,Dev Agrawal,PRJ014,TSK00408,24-05-2026,7.9,2.4,Yes,Qushi Jha,Consequatur nobis dignissimos quibusdam excepturi.
TMS00831,EMP009,Madhav Agate,PRJ014,TSK00409,24-05-2026,8.9,2.4,No,Vedant Loke,Labore eligendi dolores quo.
TMS00832,EMP009,Madhav Agate,PRJ014,TSK00409,24-05-2026,6.1,0.1,No,Bimala Mand,Unde mollitia et necessitatibus aspernatur consequuntur omnis quos.
TMS00833,EMP009,Madhav Agate,PRJ014,TSK00409,24-05-2026,5.7,0.3,No,Ayushman Prasad,Non aspernatur et suscipit.
TMS00834,EMP095,Hemal Lata,PRJ014,TSK00410,24-05-2026,4.3,0.3,No,Pratyush Batta,Quod maxime adipisci voluptate praesentium magnam aut.
TMS00835,EMP095,Hemal Lata,PRJ014,TSK00410,24-05-2026,6.5,1.5,Yes,Ekansh Shan,Natus aspernatur dolor eum commodi.
TMS00836,EMP099,Praneel Sule,PRJ014,TSK00411,24-05-2026,2.1,1.5,No,Sachi Hayer,Perspiciatis doloremque nesciunt molestiae fugiat eaque exercitationem.
TMS00837,EMP099,Praneel Sule,PRJ014,TSK00411,24-05-2026,9.6,2.3,Yes,Raagini Chacko,Quia nam cupiditate accusamus quo enim in consectetur.
TMS00838,EMP023,Dev Agrawal,PRJ014,TSK00412,24-05-2026,3.8,2.9,No,Ekaraj Arya,Accusantium perferendis quas cupiditate quam.
TMS00839,EMP023,Dev Agrawal,PRJ014,TSK00412,24-05-2026,8.2,1.3,No,Amol Kari,Blanditiis excepturi maiores repudiandae minus.
TMS00840,EMP048,Faqid Badami,PRJ014,TSK00413,24-05-2026,2.9,0.9,Yes,Madhavi Chakrabarti,Dicta ducimus perspiciatis sint.
TMS00841,EMP048,Faqid Badami,PRJ014,TSK00413,24-05-2026,8.5,2.9,Yes,Yashawini Rao,Necessitatibus natus molestiae sunt laboriosam.
TMS00842,EMP048,Faqid Badami,PRJ014,TSK00413,24-05-2026,6.5,0.6,No,Samar Bawa,Labore odio saepe enim neque laboriosam.
TMS00843,EMP047,Gautam Dhar,PRJ014,TSK00414,24-05-2026,4,0.4,No,Laban Swamy,Eaque quaerat a.
TMS00844,EMP047,Gautam Dhar,PRJ014,TSK00414,24-05-2026,6.2,2.5,Yes,Falan Sawhney,Magnam voluptatum inventore laboriosam.
TMS00845,EMP047,Gautam Dhar,PRJ014,TSK00414,24-05-2026,2.5,1.5,No,Janani Baria,Voluptate eveniet eligendi distinctio quos alias.
TMS00846,EMP031,Aryan Gokhale,PRJ014,TSK00415,24-05-2026,7.9,2.5,Yes,Mahika Saran,Debitis eius aspernatur magni.
TMS00847,EMP031,Aryan Gokhale,PRJ014,TSK00415,24-05-2026,4.6,1.7,No,Nachiket Bala,Dolorum ipsa esse illum architecto eius accusantium.
TMS00848,EMP057,Tristan Korpal,PRJ014,TSK00416,24-05-2026,4.1,0.6,No,Harsh Ravi,Est quidem optio ex ipsa vitae.
TMS00849,EMP039,Ayaan Johal,PRJ014,TSK00417,24-05-2026,6,2.9,Yes,Geetika Bhandari,Ipsa quasi odit.
TMS00850,EMP039,Ayaan Johal,PRJ014,TSK00417,24-05-2026,4.6,2.1,Yes,Daksh Deshpande,Asperiores dolor quas incidunt debitis quos.
TMS00851,EMP039,Ayaan Johal,PRJ014,TSK00417,24-05-2026,9.4,1.3,Yes,Idika Chander,Non nihil accusamus harum reiciendis animi quos.
TMS00852,EMP100,Ethan Wali,PRJ014,TSK00418,24-05-2026,3,0,Yes,Ekaraj Bhatt,At quos quasi sapiente voluptatem.
TMS00853,EMP100,Ethan Wali,PRJ014,TSK00418,24-05-2026,3.3,1.3,Yes,Gautami Dani,Autem culpa quae impedit voluptas alias deleniti magnam.
TMS00854,EMP034,Indrajit Shan,PRJ014,TSK00419,24-05-2026,9.1,1.5,No,Bina Narasimhan,Eum enim voluptatum assumenda.
TMS00855,EMP083,Siddharth Banerjee,PRJ014,TSK00420,24-05-2026,8,1.6,No,Adweta Shanker,Enim pariatur cum veritatis quo saepe accusantium.
TMS00856,EMP041,Chatura Oza,PRJ015,TSK00421,24-05-2026,4.4,1.3,No,Aadi Sane,Optio ab libero optio velit.
TMS00857,EMP058,Lakshmi Sangha,PRJ015,TSK00422,24-05-2026,9.4,2,No,Wakeeta Dhingra,Eius perferendis amet modi eos.
TMS00858,EMP058,Lakshmi Sangha,PRJ015,TSK00422,24-05-2026,6.9,1.1,Yes,Ekantika Madan,Nihil dolores amet totam labore officia animi.
TMS00859,EMP058,Lakshmi Sangha,PRJ015,TSK00422,24-05-2026,3.1,1.6,Yes,Manbir Narasimhan,Ex doloribus totam laborum libero quidem.
TMS00860,EMP054,Vasatika Thaker,PRJ015,TSK00423,24-05-2026,9.6,1.1,No,Nandini Koshy,Ullam rem quos.
TMS00861,EMP054,Vasatika Thaker,PRJ015,TSK00423,24-05-2026,5.8,0.6,No,Lakshit Setty,Tenetur autem excepturi quibusdam.
TMS00862,EMP054,Vasatika Thaker,PRJ015,TSK00423,24-05-2026,9.4,2.2,Yes,Orinder Upadhyay,Sed magnam aliquam repellendus sint officia blanditiis.
TMS00863,EMP083,Siddharth Banerjee,PRJ015,TSK00424,24-05-2026,6.2,2.5,Yes,Zilmil Gara,Beatae officia perspiciatis amet.
TMS00864,EMP080,Anay Soman,PRJ015,TSK00425,24-05-2026,5.3,0.5,Yes,Saksham Kumer,Magni optio velit corrupti eligendi hic nam.
TMS00865,EMP080,Anay Soman,PRJ015,TSK00425,24-05-2026,9.9,0,Yes,Zehaan Ramesh,Ratione veritatis fugit numquam occaecati quod.
TMS00866,EMP016,Daniel Sem,PRJ015,TSK00426,24-05-2026,7.6,1.6,No,Indira Borah,Error maxime aut neque.
TMS00867,EMP027,Kala Maharaj,PRJ015,TSK00427,24-05-2026,2.5,1.4,Yes,Tanay Dhar,Velit saepe dolores adipisci quisquam.
TMS00868,EMP077,Wakeeta Dayal,PRJ015,TSK00428,24-05-2026,4.8,1.7,Yes,Raksha Bora,Sequi magni inventore.
TMS00869,EMP004,Darpan Borra,PRJ015,TSK00429,24-05-2026,7,2.8,No,Jai Ramaswamy,Perspiciatis debitis inventore.
TMS00870,EMP004,Darpan Borra,PRJ015,TSK00429,24-05-2026,4.3,2.7,No,Gaurika Bhakta,Consequuntur aliquid qui sit.
TMS00871,EMP083,Siddharth Banerjee,PRJ015,TSK00430,24-05-2026,7.8,1.1,No,Maya Doshi,Qui eos impedit illo.
TMS00872,EMP083,Siddharth Banerjee,PRJ015,TSK00430,24-05-2026,9.5,1.7,Yes,Eshana Dhingra,Magni provident maiores ipsam consequatur at.
TMS00873,EMP083,Siddharth Banerjee,PRJ015,TSK00430,24-05-2026,2.6,0.5,Yes,Isaiah Merchant,Delectus iste provident quae veniam voluptates.
TMS00874,EMP088,Qabil Rege,PRJ015,TSK00431,24-05-2026,3.4,1.7,Yes,Forum Kannan,Voluptatem illo nisi eos perspiciatis beatae.
TMS00875,EMP088,Qabil Rege,PRJ015,TSK00431,24-05-2026,8.4,1.8,No,Anya Peri,Consequatur magni ut quam.
TMS00876,EMP007,Chanchal Sinha,PRJ015,TSK00432,24-05-2026,6.6,2.6,No,Vanya Dara,Tenetur esse quaerat.
TMS00877,EMP007,Chanchal Sinha,PRJ015,TSK00432,24-05-2026,9.7,2.2,No,Bimala Deshpande,Numquam voluptatem sapiente architecto.
TMS00878,EMP080,Anay Soman,PRJ015,TSK00433,24-05-2026,3.3,2.4,Yes,Saumya Solanki,Quae illum ad quis itaque expedita perferendis.
TMS00879,EMP023,Dev Agrawal,PRJ015,TSK00434,24-05-2026,9.4,1.8,Yes,Yuvraj Palla,Voluptas maiores architecto iste illo quam voluptatum.
TMS00880,EMP091,Ubika Sachdev,PRJ015,TSK00435,24-05-2026,5.8,0,Yes,Onveer Mittal,Pariatur quaerat autem nostrum.
TMS00881,EMP036,Abhimanyu Contractor,PRJ015,TSK00436,24-05-2026,3.1,2.4,No,Girik Dara,Eaque ut culpa deserunt quas quibusdam numquam aliquam.
TMS00882,EMP022,Ekavir Barman,PRJ015,TSK00437,24-05-2026,5.8,0.9,Yes,Anamika Agrawal,Itaque voluptate amet officia labore modi at.
TMS00883,EMP022,Ekavir Barman,PRJ015,TSK00437,24-05-2026,3.9,1.2,No,Anthony Apte,Sed vitae at nihil.
TMS00884,EMP022,Ekavir Barman,PRJ015,TSK00437,24-05-2026,7.6,1.1,No,Frederick Setty,Tempore tenetur accusamus.
TMS00885,EMP030,Dakshesh Kala,PRJ015,TSK00438,24-05-2026,2.6,1.8,Yes,Nihal Bhatia,Quo vitae veritatis quas quisquam delectus recusandae quod.
TMS00886,EMP030,Dakshesh Kala,PRJ015,TSK00438,24-05-2026,9.6,2.8,No,Veer Kata,Ex veniam officia deserunt quia.
TMS00887,EMP030,Dakshesh Kala,PRJ015,TSK00438,24-05-2026,7.7,2.5,No,Nachiket Krishnan,Quam aliquam pariatur eum impedit beatae consequuntur.
TMS00888,EMP064,Reva Jayaraman,PRJ015,TSK00439,24-05-2026,7.6,0.8,Yes,Dipta Prashad,Omnis consequatur sapiente enim.
TMS00889,EMP064,Reva Jayaraman,PRJ015,TSK00439,24-05-2026,6.5,1.3,No,Leena Sem,Sequi nihil officiis dolorem ipsa quis recusandae.
TMS00890,EMP019,Eta Narang,PRJ015,TSK00440,24-05-2026,2.2,1.1,No,Siddharth Lall,Dolor deserunt quo praesentium earum distinctio occaecati.
TMS00891,EMP066,Harita Doshi,PRJ015,TSK00441,24-05-2026,4.8,1.3,Yes,Chaman Wason,Temporibus odit voluptatem repellat ab magni aperiam.
TMS00892,EMP066,Harita Doshi,PRJ015,TSK00441,24-05-2026,5.1,0.5,Yes,Jack Dey,Eius doloremque rerum amet sunt.
TMS00893,EMP066,Harita Doshi,PRJ015,TSK00441,24-05-2026,3.6,1.1,Yes,Yagnesh Majumdar,Doloremque esse facilis eveniet quam distinctio eum.
TMS00894,EMP099,Praneel Sule,PRJ015,TSK00442,24-05-2026,6.7,1,No,Manan Bakshi,Veritatis quam quasi voluptatibus tenetur delectus.
TMS00895,EMP076,Qadim Mander,PRJ015,TSK00443,24-05-2026,6,0,No,Arjun Sidhu,Pariatur corrupti nam.
TMS00896,EMP076,Qadim Mander,PRJ015,TSK00443,24-05-2026,2.3,0.8,No,Fariq Ratti,Ducimus autem delectus aut non quae.
TMS00897,EMP062,Chandani Mane,PRJ015,TSK00444,24-05-2026,2.4,2.1,No,Saanvi Chandran,Debitis officia quasi nam amet vel.
TMS00898,EMP062,Chandani Mane,PRJ015,TSK00444,24-05-2026,4.2,0.2,Yes,Jeevika Sibal,Hic recusandae ut dolorem velit quod.
TMS00899,EMP094,Ekaja Sawhney,PRJ015,TSK00445,24-05-2026,9.4,3,No,Tripti Puri,Quasi laboriosam tempora unde optio repudiandae iste maiores.
TMS00900,EMP094,Ekaja Sawhney,PRJ015,TSK00445,24-05-2026,5.9,1.4,Yes,Lucky Varty,Eligendi voluptas temporibus dolore distinctio aliquam.
TMS00901,EMP094,Ekaja Sawhney,PRJ015,TSK00445,24-05-2026,2.3,0.1,Yes,Qushi Rana,Corrupti animi officia ducimus.
TMS00902,EMP071,Ira Khosla,PRJ015,TSK00446,24-05-2026,7.9,2.6,Yes,Libni Bhatt,Quis molestiae dicta similique officia.
TMS00903,EMP071,Ira Khosla,PRJ015,TSK00446,24-05-2026,2.7,2.5,Yes,Varenya Pathak,Error vel accusamus ipsa expedita beatae excepturi.
TMS00904,EMP071,Ira Khosla,PRJ015,TSK00446,24-05-2026,2.4,1.9,Yes,Mason Sastry,Deserunt similique sunt adipisci quasi.
TMS00905,EMP012,Nimrat Sarraf,PRJ015,TSK00447,24-05-2026,2.8,1.6,Yes,Manthan Raman,Porro temporibus ullam culpa.
TMS00906,EMP012,Nimrat Sarraf,PRJ015,TSK00447,24-05-2026,7.2,2.2,No,Abhiram Warrior,Unde repudiandae nisi eos.
TMS00907,EMP020,Qabil Chaudhry,PRJ015,TSK00448,24-05-2026,8.8,0.9,Yes,Yachana Yohannan,Recusandae iure ipsa blanditiis temporibus illum et.
TMS00908,EMP020,Qabil Chaudhry,PRJ015,TSK00448,24-05-2026,9.2,1.8,No,Neha Kala,Id recusandae porro ratione nesciunt.
TMS00909,EMP020,Qabil Chaudhry,PRJ015,TSK00448,24-05-2026,6.1,2.8,No,Falguni Sarkar,Quaerat animi quis repudiandae minus nulla quod.
TMS00910,EMP013,Chanakya Chana,PRJ015,TSK00449,24-05-2026,8.7,2,Yes,Nihal Sodhi,Ea at adipisci voluptas.
TMS00911,EMP013,Chanakya Chana,PRJ015,TSK00449,24-05-2026,3.5,2.3,Yes,Azad Dugar,Minima odio iure est temporibus qui.
TMS00912,EMP073,Rachana Rajan,PRJ015,TSK00450,24-05-2026,4.1,0.5,Yes,Ekanta Master,Repellat aliquam consequatur in vero iste ipsa.
TMS00913,EMP073,Rachana Rajan,PRJ015,TSK00450,24-05-2026,4.2,0.6,No,Aahana Date,Officia laboriosam vero pariatur fugiat.
TMS00914,EMP073,Rachana Rajan,PRJ015,TSK00450,24-05-2026,3.4,2.2,Yes,Frado Sampath,Eveniet voluptate modi iusto molestias.
TMS00915,EMP012,Nimrat Sarraf,PRJ016,TSK00451,24-05-2026,4.2,1.1,No,Gaurang Pingle,Deserunt ipsa illo nemo neque quos.
TMS00916,EMP012,Nimrat Sarraf,PRJ016,TSK00451,24-05-2026,5.7,2.5,Yes,Eesha Saini,Esse nobis ipsum possimus dignissimos sunt.
TMS00917,EMP081,Suhani Parmer,PRJ016,TSK00452,24-05-2026,9.4,0.3,Yes,Omaja Andra,Rerum minima velit quod optio corrupti illum.
TMS00918,EMP081,Suhani Parmer,PRJ016,TSK00452,24-05-2026,3.5,0.3,No,Matthew Ahuja,Blanditiis fugit fugit accusantium.
TMS00919,EMP081,Suhani Parmer,PRJ016,TSK00452,24-05-2026,6.7,2.9,Yes,Nidhi Tiwari,Facilis non qui.
TMS00920,EMP017,Ishani Dhar,PRJ016,TSK00453,24-05-2026,3.7,1.1,Yes,Anusha Kala,Voluptatibus omnis quibusdam quidem voluptas numquam qui.
TMS00921,EMP066,Harita Doshi,PRJ016,TSK00454,24-05-2026,9.5,0.9,Yes,Mugdha Seshadri,Natus reprehenderit voluptas facilis aliquam natus.
TMS00922,EMP066,Harita Doshi,PRJ016,TSK00454,24-05-2026,8,2.2,No,Nitesh Balay,Culpa deserunt minus non.
TMS00923,EMP066,Harita Doshi,PRJ016,TSK00454,24-05-2026,2.4,2.1,Yes,Madhav Mohanty,Corporis consequatur corrupti repudiandae.
TMS00924,EMP073,Rachana Rajan,PRJ016,TSK00455,24-05-2026,3.1,0.9,Yes,Patrick Kadakia,Adipisci excepturi praesentium occaecati porro illum occaecati.
TMS00925,EMP073,Rachana Rajan,PRJ016,TSK00455,24-05-2026,8.7,0.8,Yes,Nimrat Sunder,Omnis possimus libero iste cupiditate repellendus cum.
TMS00926,EMP060,Ishanvi Choudhry,PRJ016,TSK00456,24-05-2026,9.8,0.8,No,Omaja Bava,Repellendus quia ab enim.
TMS00927,EMP041,Chatura Oza,PRJ016,TSK00457,24-05-2026,2.7,1.1,No,Neelima Morar,Nulla quidem dolorum.
TMS00928,EMP041,Chatura Oza,PRJ016,TSK00457,24-05-2026,4.8,1.9,No,Shivani Dass,Quas eius velit quisquam sunt officiis aperiam dolores.
TMS00929,EMP096,Tara Bhargava,PRJ016,TSK00458,24-05-2026,7.5,0.5,No,Ayushman Kaur,Earum officiis magni.
TMS00930,EMP096,Tara Bhargava,PRJ016,TSK00458,24-05-2026,3.2,1.7,No,Nachiket Bhakta,Nemo tempore voluptates repudiandae.
TMS00931,EMP096,Tara Bhargava,PRJ016,TSK00458,24-05-2026,4.8,2.4,No,Arin Goda,Et ratione fuga sint.
TMS00932,EMP022,Ekavir Barman,PRJ016,TSK00459,24-05-2026,4.7,2.9,No,Ekaraj Bava,Natus nostrum repudiandae nemo est architecto.
TMS00933,EMP089,Alexander Singhal,PRJ016,TSK00460,24-05-2026,6.1,0.6,Yes,Darsh Nagi,Temporibus voluptas reprehenderit delectus quam impedit ad.
TMS00934,EMP003,Naveen Dugar,PRJ016,TSK00461,24-05-2026,4.1,2.8,Yes,Vedant Sawhney,Corporis neque voluptas consequatur laborum recusandae.
TMS00935,EMP003,Naveen Dugar,PRJ016,TSK00461,24-05-2026,5.8,1.4,No,Kashish Taneja,Aliquid sed aliquam amet alias.
TMS00936,EMP069,Dominic Dewan,PRJ016,TSK00462,24-05-2026,6.5,2,Yes,Nihal Bhargava,Minima impedit veritatis repudiandae tenetur.
TMS00937,EMP069,Dominic Dewan,PRJ016,TSK00462,24-05-2026,4.6,0.3,No,Tanmayi Sibal,Libero corrupti commodi totam voluptas ut voluptatibus.
TMS00938,EMP015,Kalpit Mutti,PRJ016,TSK00463,24-05-2026,3.3,1.4,No,Lakshit Khalsa,Eligendi officiis odit culpa expedita.
TMS00939,EMP032,Wakeeta Deshpande,PRJ016,TSK00464,24-05-2026,9.2,0.6,No,Krish Buch,Reiciendis officiis magnam iste voluptates perspiciatis illo.
TMS00940,EMP032,Wakeeta Deshpande,PRJ016,TSK00464,24-05-2026,4.5,1.4,Yes,Ranbir Natarajan,Possimus at animi omnis reprehenderit.
TMS00941,EMP032,Wakeeta Deshpande,PRJ016,TSK00464,24-05-2026,8,1.3,No,Lopa Goel,Explicabo quis error quidem consequatur non repellat.
TMS00942,EMP092,Ekani Buch,PRJ016,TSK00465,24-05-2026,6.6,1.3,No,Bimala Kapoor,Quod magni autem doloremque.
TMS00943,EMP092,Ekani Buch,PRJ016,TSK00465,24-05-2026,5.8,0.7,No,Chakrika Khanna,Voluptatum in deleniti magni eligendi eos doloremque.
TMS00944,EMP092,Ekani Buch,PRJ016,TSK00465,24-05-2026,6.8,1.4,No,Anthony Behl,Voluptatum odio sit ullam assumenda ratione amet dolorum.
TMS00945,EMP066,Harita Doshi,PRJ016,TSK00466,24-05-2026,2.3,2.8,Yes,Gagan Ravel,Praesentium quia tenetur magni error aperiam repudiandae.
TMS00946,EMP066,Harita Doshi,PRJ016,TSK00466,24-05-2026,8.1,2.7,Yes,Omkaar Raj,Nostrum asperiores enim molestias iste repellat praesentium accusamus.
TMS00947,EMP035,Nidhi Ray,PRJ016,TSK00467,24-05-2026,5.4,0.8,No,Zansi Ramachandran,Quas unde rerum doloremque adipisci fugiat.
TMS00948,EMP035,Nidhi Ray,PRJ016,TSK00467,24-05-2026,6.7,0.5,Yes,Charles Raman,Temporibus delectus libero esse nam aliquam.
TMS00949,EMP003,Naveen Dugar,PRJ016,TSK00468,24-05-2026,9.1,2.9,Yes,Yoshita Mital,Corporis fugit sunt beatae placeat porro.
TMS00950,EMP003,Naveen Dugar,PRJ016,TSK00468,24-05-2026,9.6,1.7,Yes,Henry Uppal,Delectus magni veniam magnam placeat.
TMS00951,EMP029,Alexander Chadha,PRJ016,TSK00469,24-05-2026,7.3,2.4,Yes,Edhitha Shukla,Totam molestiae iste.
TMS00952,EMP084,Geetika Lanka,PRJ016,TSK00470,24-05-2026,4.5,2.3,No,Diya Swamy,Quasi pariatur id laborum.
TMS00953,EMP017,Ishani Dhar,PRJ016,TSK00471,24-05-2026,5.2,1.4,Yes,Libni Virk,Libero nobis numquam consequatur unde.
TMS00954,EMP017,Ishani Dhar,PRJ016,TSK00471,24-05-2026,3.6,0.5,No,Neha Krishnamurthy,Alias adipisci repellat aspernatur magnam.
TMS00955,EMP031,Aryan Gokhale,PRJ016,TSK00472,24-05-2026,3.5,2.6,No,Amaira Savant,Adipisci et eligendi beatae.
TMS00956,EMP021,Saanvi Garde,PRJ016,TSK00473,24-05-2026,7.8,0.5,No,Utkarsh Singhal,Dolor neque nemo neque debitis odit libero.
TMS00957,EMP030,Dakshesh Kala,PRJ016,TSK00474,24-05-2026,5.8,1,No,Osha Walia,Fugiat reiciendis quo delectus architecto.
TMS00958,EMP099,Praneel Sule,PRJ016,TSK00475,24-05-2026,7.5,2.1,No,Yochana Bose,Quod quasi accusantium iure explicabo odit ducimus quibusdam.
TMS00959,EMP099,Praneel Sule,PRJ016,TSK00475,24-05-2026,7.3,2.5,Yes,Nitara Pathak,Numquam veniam aut asperiores libero commodi.
TMS00960,EMP099,Praneel Sule,PRJ016,TSK00475,24-05-2026,8.1,0.3,Yes,Yashoda Malhotra,Excepturi dolore reprehenderit nostrum enim nemo atque id.
TMS00961,EMP097,Panini Sandhu,PRJ016,TSK00476,24-05-2026,8.1,0.4,No,Abha Buch,Veniam ea quisquam ratione atque harum.
TMS00962,EMP097,Panini Sandhu,PRJ016,TSK00476,24-05-2026,9.2,2.5,No,Omisha Pillai,Velit vitae doloremque cupiditate tempora aut repellat.
TMS00963,EMP027,Kala Maharaj,PRJ016,TSK00477,24-05-2026,5.2,0.2,No,Hiral Sarraf,Reprehenderit ducimus saepe dolorem voluptates.
TMS00964,EMP027,Kala Maharaj,PRJ016,TSK00477,24-05-2026,7.4,2.9,Yes,Vanya Cherian,Ducimus unde ducimus consectetur odit corrupti.
TMS00965,EMP027,Kala Maharaj,PRJ016,TSK00477,24-05-2026,3.8,1.8,Yes,Owen Mukherjee,Possimus fugit quaerat reprehenderit repellat.
TMS00966,EMP047,Gautam Dhar,PRJ016,TSK00478,24-05-2026,4.9,1.5,Yes,Neha Handa,Explicabo et deleniti quasi earum quisquam.
TMS00967,EMP047,Gautam Dhar,PRJ016,TSK00478,24-05-2026,6.9,2.3,Yes,Mason Deol,Quasi impedit laudantium corporis necessitatibus.
TMS00968,EMP032,Wakeeta Deshpande,PRJ016,TSK00479,24-05-2026,3.8,1.5,Yes,Unni Ramanathan,Consectetur deleniti culpa itaque qui ullam.
TMS00969,EMP032,Wakeeta Deshpande,PRJ016,TSK00479,24-05-2026,3.7,1.3,No,Turvi Dua,Beatae repellat numquam ducimus optio.
TMS00970,EMP032,Wakeeta Deshpande,PRJ016,TSK00479,24-05-2026,5.1,0.5,Yes,Lavanya Bhatia,Officiis voluptas et eos.
TMS00971,EMP097,Panini Sandhu,PRJ016,TSK00480,24-05-2026,4.5,2,No,Yashoda Master,Dicta cumque magni nisi ex fugit.
TMS00972,EMP097,Panini Sandhu,PRJ016,TSK00480,24-05-2026,2.3,2.9,No,Gavin Rajagopalan,Magnam vel quia cum.
TMS00973,EMP053,Ekaraj Pandya,PRJ017,TSK00481,24-05-2026,3.3,2,Yes,Janya Dugal,Quaerat et voluptate.
TMS00974,EMP092,Ekani Buch,PRJ017,TSK00482,24-05-2026,8.4,1,Yes,Adweta Soman,Nihil reiciendis molestiae.
TMS00975,EMP092,Ekani Buch,PRJ017,TSK00482,24-05-2026,7.2,1.2,Yes,Neha Puri,Iusto reiciendis alias quidem aperiam sit fugiat.
TMS00976,EMP051,Gaurika Sami,PRJ017,TSK00483,24-05-2026,4.6,1.7,No,Champak Prasad,Laboriosam veritatis accusamus doloremque laboriosam.
TMS00977,EMP071,Ira Khosla,PRJ017,TSK00484,24-05-2026,5.6,1.5,No,William Ranganathan,Iure esse omnis corporis ratione ipsa.
TMS00978,EMP071,Ira Khosla,PRJ017,TSK00484,24-05-2026,5.4,0.2,No,Aditya Lanka,Est ab tempora adipisci dolorum.
TMS00979,EMP071,Ira Khosla,PRJ017,TSK00484,24-05-2026,4.1,1.9,No,Gauri Goda,Totam recusandae nemo magni itaque repellendus.
TMS00980,EMP090,Mohini Aurora,PRJ017,TSK00485,24-05-2026,5,1.4,No,Wahab Dada,Aliquam totam sed provident voluptate.
TMS00981,EMP090,Mohini Aurora,PRJ017,TSK00485,24-05-2026,8.8,2.9,Yes,Falan Swamy,Quis iusto cupiditate nesciunt.
TMS00982,EMP090,Mohini Aurora,PRJ017,TSK00485,24-05-2026,8.3,2.9,No,Faraj Kakar,Sint quo est id.
TMS00983,EMP039,Ayaan Johal,PRJ017,TSK00486,24-05-2026,2.6,0,No,Krishna Mane,Sapiente officiis eius iste repellendus accusantium libero.
TMS00984,EMP039,Ayaan Johal,PRJ017,TSK00486,24-05-2026,3.6,2.4,No,Xalak Patil,Voluptates veritatis dicta delectus laborum deserunt error.
TMS00985,EMP039,Ayaan Johal,PRJ017,TSK00486,24-05-2026,5.5,1.4,Yes,Patrick Bava,Inventore et sunt laboriosam accusantium.
TMS00986,EMP028,Reva Chacko,PRJ017,TSK00487,24-05-2026,8.9,1.4,Yes,Unnati Shah,Possimus molestias exercitationem consequuntur.
TMS00987,EMP076,Qadim Mander,PRJ017,TSK00488,24-05-2026,7.5,0.8,No,Deepa Parikh,Eius nulla sint minus alias voluptate facilis.
TMS00988,EMP076,Qadim Mander,PRJ017,TSK00488,24-05-2026,7.4,2.3,Yes,Jyoti Ahuja,Sequi voluptates consequuntur dicta magnam atque iusto.
TMS00989,EMP076,Qadim Mander,PRJ017,TSK00488,24-05-2026,6.3,0.5,No,Onkar Dugar,Qui ea est nihil nulla.
TMS00990,EMP081,Suhani Parmer,PRJ017,TSK00489,24-05-2026,2.1,1,Yes,Ekanta Tak,Necessitatibus minus non rerum ex sequi.
TMS00991,EMP081,Suhani Parmer,PRJ017,TSK00489,24-05-2026,6.8,1.1,Yes,Jagrati Mutti,Illo nihil soluta similique.
TMS00992,EMP001,Adweta Solanki,PRJ017,TSK00490,24-05-2026,7.9,0.7,Yes,Nathaniel Bhasin,Molestiae accusamus inventore neque alias vitae.
TMS00993,EMP001,Adweta Solanki,PRJ017,TSK00490,24-05-2026,6.3,0.4,Yes,Udyati Bora,Ut totam iusto dolor.
TMS00994,EMP001,Adweta Solanki,PRJ017,TSK00490,24-05-2026,7.1,1.3,No,Shaurya Krishna,Culpa reiciendis provident iure sint.
TMS00995,EMP092,Ekani Buch,PRJ017,TSK00491,24-05-2026,9.8,2.1,Yes,Frado Talwar,Accusantium deserunt dolorum voluptatum vel culpa.
TMS00996,EMP092,Ekani Buch,PRJ017,TSK00491,24-05-2026,9.4,2.7,No,Neel Kothari,Provident recusandae dignissimos labore et dicta debitis eos.
TMS00997,EMP100,Ethan Wali,PRJ017,TSK00492,24-05-2026,2.6,1.1,Yes,Yutika Yadav,Quo voluptates necessitatibus.
TMS00998,EMP008,Balveer Bains,PRJ017,TSK00493,24-05-2026,9.8,1.9,Yes,Ijaya Mutti,Sapiente dignissimos nulla.
TMS00999,EMP008,Balveer Bains,PRJ017,TSK00493,24-05-2026,5.1,2.9,Yes,Gautami Luthra,Ut vero eaque.
TMS01000,EMP008,Balveer Bains,PRJ017,TSK00493,24-05-2026,4.7,1.9,No,Rajata Kibe,Asperiores laudantium excepturi explicabo.
TMS01001,EMP068,Ijaya Bedi,PRJ017,TSK00494,24-05-2026,5.2,0.6,No,Vasana Kamdar,Cum neque distinctio tempora placeat quis.
TMS01002,EMP068,Ijaya Bedi,PRJ017,TSK00494,24-05-2026,7.8,2.2,Yes,Logan Pillay,Id repellendus sit minus quisquam.
TMS01003,EMP063,Bhavini Seth,PRJ017,TSK00495,24-05-2026,9.7,2.4,No,Manthan Nagar,Nostrum maxime inventore facilis debitis iste itaque.
TMS01004,EMP063,Bhavini Seth,PRJ017,TSK00495,24-05-2026,10,1.8,Yes,Azad Arora,Dolorem provident perferendis quae cumque similique sunt ipsum.
TMS01005,EMP066,Harita Doshi,PRJ017,TSK00496,24-05-2026,8.4,1.1,No,Libni Warrior,Dolore quae veritatis.
TMS01006,EMP066,Harita Doshi,PRJ017,TSK00496,24-05-2026,3.7,2.8,No,Nitesh Manda,Inventore similique deserunt totam qui amet.
TMS01007,EMP066,Harita Doshi,PRJ017,TSK00496,24-05-2026,8,2.3,No,Jatin Agrawal,Atque deserunt omnis iusto.
TMS01008,EMP016,Daniel Sem,PRJ017,TSK00497,24-05-2026,7.4,1.8,Yes,Krisha Sem,Aut ex quod laudantium.
TMS01009,EMP016,Daniel Sem,PRJ017,TSK00497,24-05-2026,7.4,0.8,No,Girindra Nagy,Repellendus veritatis sunt praesentium fugiat voluptatibus consequuntur facere.
TMS01010,EMP016,Daniel Sem,PRJ017,TSK00497,24-05-2026,3.7,2.3,Yes,Charan Golla,Facilis blanditiis occaecati.
TMS01011,EMP016,Daniel Sem,PRJ017,TSK00498,24-05-2026,4.1,1.8,No,Yashica Batta,Tenetur magnam beatae nemo quisquam praesentium.
TMS01012,EMP016,Daniel Sem,PRJ017,TSK00498,24-05-2026,2.8,0.7,No,Nisha Trivedi,Eligendi quibusdam laborum praesentium.
TMS01013,EMP019,Eta Narang,PRJ017,TSK00499,24-05-2026,2.5,0.9,No,Hritik Rattan,Architecto dolor velit quae non dignissimos.
TMS01014,EMP001,Adweta Solanki,PRJ017,TSK00500,24-05-2026,5.4,1.8,No,Tanish Chandra,Et explicabo modi ad.
TMS01015,EMP001,Adweta Solanki,PRJ017,TSK00500,24-05-2026,5.8,1.7,No,Gopal Karan,Amet officia modi dolore odit.
TMS01016,EMP001,Adweta Solanki,PRJ017,TSK00500,24-05-2026,4.7,1,No,Imaran Nagi,Nesciunt sunt ipsa alias.
TMS01017,EMP040,Zilmil Ganesan,PRJ017,TSK00501,24-05-2026,5.7,2.2,Yes,Onveer Mammen,Eaque molestias maxime consectetur est vitae.
TMS01018,EMP059,Rajata Dar,PRJ017,TSK00502,24-05-2026,7.6,2,No,William Nadkarni,Debitis reiciendis occaecati.
TMS01019,EMP059,Rajata Dar,PRJ017,TSK00502,24-05-2026,5.2,2,Yes,Oviya Srivastava,Soluta assumenda amet veritatis aspernatur harum et dolore.
TMS01020,EMP059,Rajata Dar,PRJ017,TSK00502,24-05-2026,7.1,1.7,No,Gunbir Sinha,Nulla distinctio rem optio magnam.
TMS01021,EMP051,Gaurika Sami,PRJ017,TSK00503,24-05-2026,3.7,3,No,Aadhya Konda,Similique veritatis animi perspiciatis praesentium.
TMS01022,EMP004,Darpan Borra,PRJ017,TSK00504,24-05-2026,4.3,0.9,No,Tanvi Amble,Sit quod deserunt exercitationem alias quas ipsam.
TMS01023,EMP004,Darpan Borra,PRJ017,TSK00504,24-05-2026,2.2,1.9,Yes,Pooja Samra,A error vitae vero perferendis.
TMS01024,EMP073,Rachana Rajan,PRJ017,TSK00505,24-05-2026,4.8,1.3,Yes,Deepa Tata,Odio qui laboriosam soluta in.
TMS01025,EMP073,Rachana Rajan,PRJ017,TSK00505,24-05-2026,8,0.9,No,Dayita Oommen,Sequi reprehenderit sit saepe.
TMS01026,EMP073,Rachana Rajan,PRJ017,TSK00505,24-05-2026,9.9,1.1,Yes,Gaurang Borah,Ex quae animi repudiandae facere aspernatur et.
TMS01027,EMP032,Wakeeta Deshpande,PRJ017,TSK00506,24-05-2026,6.9,2.5,Yes,Osha Sharaf,Tenetur rerum commodi corporis.
TMS01028,EMP032,Wakeeta Deshpande,PRJ017,TSK00506,24-05-2026,5.2,0.6,Yes,Ishani Edwin,Dignissimos consequatur accusamus doloribus distinctio nulla.
TMS01029,EMP056,Widisha Lad,PRJ017,TSK00507,24-05-2026,4.3,2.6,No,Wakeeta Aggarwal,Nisi architecto repellat et eveniet ipsa officiis.
TMS01030,EMP056,Widisha Lad,PRJ017,TSK00507,24-05-2026,6.4,1.1,Yes,Ranveer Mistry,Eveniet vel beatae deserunt.
TMS01031,EMP056,Widisha Lad,PRJ017,TSK00507,24-05-2026,5.3,1.8,No,Yahvi Mitra,Amet nisi odio commodi veritatis optio quisquam reiciendis.
TMS01032,EMP013,Chanakya Chana,PRJ017,TSK00508,24-05-2026,7,2,No,Yahvi Shanker,Tenetur ipsa fugit dolore sit unde quo.
TMS01033,EMP013,Chanakya Chana,PRJ017,TSK00508,24-05-2026,6,1.6,Yes,Oeshi Gulati,Consequuntur repellat ipsum est odit qui hic.
TMS01034,EMP053,Ekaraj Pandya,PRJ017,TSK00509,24-05-2026,6,1.4,No,Patrick Gopal,Modi quisquam maxime qui natus.
TMS01035,EMP053,Ekaraj Pandya,PRJ017,TSK00509,24-05-2026,3.3,2.6,No,Idika Palan,Explicabo unde labore voluptatum nihil temporibus minima.
TMS01036,EMP013,Chanakya Chana,PRJ017,TSK00510,24-05-2026,2,2.5,No,Deepa Randhawa,A atque quod.
TMS01037,EMP013,Chanakya Chana,PRJ017,TSK00510,24-05-2026,7.2,2.1,Yes,Triveni Balasubramanian,Odio rerum exercitationem quo.
TMS01038,EMP026,Madhav Roy,PRJ018,TSK00511,24-05-2026,6.6,1.3,No,Jack Dutt,Impedit eum provident nihil est doloremque magnam.
TMS01039,EMP026,Madhav Roy,PRJ018,TSK00511,24-05-2026,5.3,1.9,Yes,Meera Mutti,Eaque officia dolores asperiores.
TMS01040,EMP041,Chatura Oza,PRJ018,TSK00512,24-05-2026,6.9,1.5,Yes,Panini Bhatt,Nam voluptatibus deserunt a adipisci consequatur sint.
TMS01041,EMP030,Dakshesh Kala,PRJ018,TSK00513,24-05-2026,6.6,1.2,Yes,Hema Dara,Ab eum autem eligendi accusamus.
TMS01042,EMP030,Dakshesh Kala,PRJ018,TSK00513,24-05-2026,4.6,0.7,No,Lajita Kurian,Quasi quaerat culpa pariatur incidunt consequuntur sint.
TMS01043,EMP030,Dakshesh Kala,PRJ018,TSK00513,24-05-2026,7.5,2.9,Yes,Tanay Raja,Odio aut culpa quae alias temporibus corporis.
TMS01044,EMP058,Lakshmi Sangha,PRJ018,TSK00514,24-05-2026,6.8,2.4,No,Ekani Kamdar,Illo nesciunt molestiae quibusdam dignissimos totam aspernatur.
TMS01045,EMP058,Lakshmi Sangha,PRJ018,TSK00514,24-05-2026,6.4,2.6,Yes,Warjas Batta,Esse a dolor aliquid temporibus.
TMS01046,EMP058,Lakshmi Sangha,PRJ018,TSK00514,24-05-2026,5.7,2.2,Yes,Osha Rattan,Velit magni illo quis error beatae hic.
TMS01047,EMP069,Dominic Dewan,PRJ018,TSK00515,24-05-2026,5.8,2.1,Yes,Jackson Oza,Aliquid omnis inventore esse voluptatibus.
TMS01048,EMP084,Geetika Lanka,PRJ018,TSK00516,24-05-2026,3.1,0.2,Yes,Matthew Dube,Sit saepe iste recusandae delectus magnam.
TMS01049,EMP084,Geetika Lanka,PRJ018,TSK00516,24-05-2026,3.7,1.4,Yes,Radha Wali,Nesciunt ab aliquid vero deleniti asperiores.
TMS01050,EMP045,Tanveer Murthy,PRJ018,TSK00517,24-05-2026,6.8,3,Yes,Vedhika Batra,Doloremque soluta dolor quia nostrum ipsa eveniet.
TMS01051,EMP045,Tanveer Murthy,PRJ018,TSK00517,24-05-2026,9.8,1.5,Yes,Nimrat Parmer,Alias necessitatibus quia consequuntur deserunt ea.
TMS01052,EMP045,Tanveer Murthy,PRJ018,TSK00517,24-05-2026,8.4,2.5,Yes,Chaman Mitter,Qui in itaque iusto.
TMS01053,EMP039,Ayaan Johal,PRJ018,TSK00518,24-05-2026,5.7,2.9,Yes,Abha Yohannan,Ea ipsam eum distinctio atque pariatur perspiciatis magnam.
TMS01054,EMP065,Amara Parikh,PRJ018,TSK00519,24-05-2026,2.3,2,No,Bachittar Chaudry,Beatae fugit natus ipsa.
TMS01055,EMP065,Amara Parikh,PRJ018,TSK00519,24-05-2026,8.9,0.2,No,Manbir Bhat,Qui commodi est.
TMS01056,EMP065,Amara Parikh,PRJ018,TSK00519,24-05-2026,9.7,2.7,Yes,Yochana Banik,Ipsum officiis officiis.
TMS01057,EMP044,Aradhana Shenoy,PRJ018,TSK00520,24-05-2026,8.2,1.9,Yes,Kamala Maharaj,Nesciunt dolorum dolorem corrupti debitis.
TMS01058,EMP044,Aradhana Shenoy,PRJ018,TSK00520,24-05-2026,5.5,2.5,Yes,Libni Oza,Quis modi fugiat quae similique sapiente non.
TMS01059,EMP044,Aradhana Shenoy,PRJ018,TSK00520,24-05-2026,4.3,1.2,Yes,Vasudha Viswanathan,Perspiciatis incidunt tempore rem.
TMS01060,EMP001,Adweta Solanki,PRJ018,TSK00521,24-05-2026,5.2,2.8,No,Neel Karan,Repellendus quasi laborum quod.
TMS01061,EMP001,Adweta Solanki,PRJ018,TSK00521,24-05-2026,5.4,0.4,Yes,Imaran Sagar,Nesciunt dignissimos veniam quae voluptatum totam soluta repudiandae.
TMS01062,EMP084,Geetika Lanka,PRJ018,TSK00522,24-05-2026,8.1,1.7,Yes,Chanchal Sankar,Molestiae dolorum quae quam nemo molestias odit.
TMS01063,EMP084,Geetika Lanka,PRJ018,TSK00522,24-05-2026,7.8,1.1,No,Varsha Pillay,Tempore corrupti harum dolorem voluptatum.
TMS01064,EMP046,Xiti Baral,PRJ018,TSK00523,24-05-2026,9.3,2.4,Yes,Indali Sidhu,Quis consequatur ut voluptatem.
TMS01065,EMP002,Kalpit Deol,PRJ018,TSK00524,24-05-2026,2.8,1.9,Yes,Hemal Muni,Facilis beatae nihil facilis.
TMS01066,EMP002,Kalpit Deol,PRJ018,TSK00524,24-05-2026,5.7,2.1,Yes,Harsh Dasgupta,Atque occaecati omnis sequi aspernatur ut molestiae dolorum.
TMS01067,EMP039,Ayaan Johal,PRJ018,TSK00525,24-05-2026,4.7,2.1,No,Orinder Kota,Esse nostrum tempore ab quae at sit.
TMS01068,EMP039,Ayaan Johal,PRJ018,TSK00525,24-05-2026,8.3,2.1,No,Mugdha Suresh,Beatae facere ducimus.
TMS01069,EMP091,Ubika Sachdev,PRJ018,TSK00526,24-05-2026,2.3,0.4,No,Mahika Behl,Consectetur adipisci est ab dolorem.
TMS01070,EMP091,Ubika Sachdev,PRJ018,TSK00526,24-05-2026,2.2,2.6,No,Rudra Ranganathan,Eveniet repellat dolor repellendus.
TMS01071,EMP091,Ubika Sachdev,PRJ018,TSK00526,24-05-2026,7.7,0.9,Yes,Jacob Sehgal,Ad dolores quos.
TMS01072,EMP064,Reva Jayaraman,PRJ018,TSK00527,24-05-2026,7.1,1.4,No,Oni Sood,Sunt earum in ex velit ut perferendis.
TMS01073,EMP064,Reva Jayaraman,PRJ018,TSK00527,24-05-2026,7.4,0.5,Yes,Vanya Upadhyay,Maiores maxime ipsa.
TMS01074,EMP064,Reva Jayaraman,PRJ018,TSK00527,24-05-2026,3.2,0.9,No,Yashoda Bhatti,Laborum fugit perspiciatis id nisi.
TMS01075,EMP017,Ishani Dhar,PRJ018,TSK00528,24-05-2026,7.1,0.1,Yes,Bakhshi Dar,Iste amet totam cum.
TMS01076,EMP017,Ishani Dhar,PRJ018,TSK00528,24-05-2026,6.7,0.4,Yes,Gaurangi Sarraf,Error nisi minus iusto illum suscipit.
TMS01077,EMP069,Dominic Dewan,PRJ018,TSK00529,24-05-2026,4.9,1.5,No,Wyatt Walia,Aut cum perferendis voluptatem.
TMS01078,EMP069,Dominic Dewan,PRJ018,TSK00529,24-05-2026,5.8,2.7,No,Gaurangi Varkey,Occaecati aliquam blanditiis et laboriosam incidunt.
TMS01079,EMP053,Ekaraj Pandya,PRJ018,TSK00530,24-05-2026,3.2,2.6,No,Warjas Saraf,Perspiciatis minima similique maiores deserunt distinctio fugiat magnam.
TMS01080,EMP053,Ekaraj Pandya,PRJ018,TSK00530,24-05-2026,6.2,1.1,No,Nisha Suri,Commodi perferendis vitae natus iste molestias.
TMS01081,EMP053,Ekaraj Pandya,PRJ018,TSK00530,24-05-2026,7.2,2.6,No,Faras Behl,Praesentium doloremque harum facilis voluptates veniam quae.
TMS01082,EMP093,Charles Balan,PRJ018,TSK00531,24-05-2026,5.9,1.1,Yes,Amrita Chhabra,Voluptatem at vero laudantium dolore nobis tempore.
TMS01083,EMP025,Udarsh Kaul,PRJ018,TSK00532,24-05-2026,3.8,0.6,Yes,Shivansh Dhaliwal,Rem beatae incidunt explicabo voluptatum a voluptate asperiores.
TMS01084,EMP025,Udarsh Kaul,PRJ018,TSK00532,24-05-2026,4.2,2.3,Yes,Ikshita Apte,Aspernatur beatae asperiores id.
TMS01085,EMP022,Ekavir Barman,PRJ018,TSK00533,24-05-2026,3.6,1.5,Yes,Tejas Khurana,Nihil perferendis animi.
TMS01086,EMP022,Ekavir Barman,PRJ018,TSK00533,24-05-2026,8.7,2.5,Yes,Wridesh Mohanty,Iste eligendi esse molestias officia eligendi quasi ducimus.
TMS01087,EMP022,Ekavir Barman,PRJ018,TSK00533,24-05-2026,7.9,1.1,Yes,Meera Batra,Deleniti odit tenetur at.
TMS01088,EMP076,Qadim Mander,PRJ018,TSK00534,24-05-2026,7,2.9,Yes,Pahal Kumar,Ut quisquam quidem voluptatum id.
TMS01089,EMP076,Qadim Mander,PRJ018,TSK00534,24-05-2026,4.2,2.9,Yes,Nandini Lal,Eligendi debitis eaque laboriosam esse adipisci libero saepe.
TMS01090,EMP043,Urvashi Brar,PRJ018,TSK00535,24-05-2026,5.6,1.6,Yes,Idika Acharya,Nisi ducimus exercitationem non.
TMS01091,EMP005,Vinaya Dyal,PRJ018,TSK00536,24-05-2026,8.4,0.5,Yes,Anay Kannan,Excepturi alias aliquam neque.
TMS01092,EMP005,Vinaya Dyal,PRJ018,TSK00536,24-05-2026,3.8,2.2,Yes,Sathvik Raman,Nostrum excepturi incidunt quibusdam.
TMS01093,EMP079,Balvan Shere,PRJ018,TSK00537,24-05-2026,9.8,0.8,No,Andrew Dhar,Animi odio odio deserunt.
TMS01094,EMP013,Chanakya Chana,PRJ018,TSK00538,24-05-2026,7.9,2.2,Yes,Azaan Handa,Vel illum aspernatur assumenda.
TMS01095,EMP080,Anay Soman,PRJ018,TSK00539,24-05-2026,6.2,0.2,Yes,Waida Dhawan,Animi quo deleniti unde vero reprehenderit ex.
TMS01096,EMP002,Kalpit Deol,PRJ018,TSK00540,24-05-2026,6.7,1.7,No,Leela Sidhu,Soluta debitis vero delectus.
TMS01097,EMP093,Charles Balan,PRJ019,TSK00541,24-05-2026,6.3,2.3,No,Maya Chanda,Adipisci pariatur veniam nisi ipsum autem.
TMS01098,EMP075,Indrajit Pradhan,PRJ019,TSK00542,24-05-2026,2.6,1.4,No,Maanas Karan,Id tempore quisquam.
TMS01099,EMP075,Indrajit Pradhan,PRJ019,TSK00542,24-05-2026,2.7,0.6,Yes,Diya Virk,Laboriosam eaque possimus eum.
TMS01100,EMP075,Indrajit Pradhan,PRJ019,TSK00542,24-05-2026,6.8,0.9,Yes,Raghav Vohra,Quae harum laboriosam ad minus magnam.
TMS01101,EMP078,Ekanta Apte,PRJ019,TSK00543,24-05-2026,5.4,2.7,No,Nitesh Seth,Ut occaecati architecto harum quo dolor pariatur.
TMS01102,EMP078,Ekanta Apte,PRJ019,TSK00543,24-05-2026,8.2,0.6,No,Zinal Mohanty,Alias hic voluptate.
TMS01103,EMP078,Ekanta Apte,PRJ019,TSK00543,24-05-2026,9.9,0.8,No,Vyanjana Goyal,Nam quo odit corporis repudiandae doloremque ad.
TMS01104,EMP072,Triveni Comar,PRJ019,TSK00544,24-05-2026,4.2,1.9,No,Zarna Balay,Laboriosam tempora ea delectus.
TMS01105,EMP072,Triveni Comar,PRJ019,TSK00544,24-05-2026,6.1,1.5,No,Ekta Nigam,Optio tempora impedit occaecati inventore qui eum porro.
TMS01106,EMP072,Triveni Comar,PRJ019,TSK00544,24-05-2026,4.1,1.6,No,Suhani Kalita,A vel natus nam ipsum hic est quia.
TMS01107,EMP044,Aradhana Shenoy,PRJ019,TSK00545,24-05-2026,7.4,1.5,No,Chatresh Varkey,Mollitia illum esse cupiditate quisquam possimus esse fugit.
TMS01108,EMP044,Aradhana Shenoy,PRJ019,TSK00545,24-05-2026,2.9,2.3,Yes,Krishna Gandhi,Aspernatur quos voluptatum ratione vero.
TMS01109,EMP021,Saanvi Garde,PRJ019,TSK00546,24-05-2026,2.1,2.7,No,Gaurangi Karnik,At tempore dolor placeat sit natus.
TMS01110,EMP021,Saanvi Garde,PRJ019,TSK00546,24-05-2026,6,0.5,No,Jai Divan,Blanditiis sit quia quo ab.
TMS01111,EMP089,Alexander Singhal,PRJ019,TSK00547,24-05-2026,4.4,2.8,No,Gunbir Mohan,Fuga officiis modi vitae beatae cum magni.
TMS01112,EMP089,Alexander Singhal,PRJ019,TSK00547,24-05-2026,4.7,2.1,Yes,Charan Bail,Cupiditate error provident nemo quo earum illo.
TMS01113,EMP089,Alexander Singhal,PRJ019,TSK00547,24-05-2026,3.5,0.3,Yes,Frederick Manne,Similique eligendi dolor a ipsam doloribus.
TMS01114,EMP049,Gaurangi Dugar,PRJ019,TSK00548,24-05-2026,4.5,0.9,No,Onveer Acharya,Dolorem repellat assumenda mollitia commodi.
TMS01115,EMP004,Darpan Borra,PRJ019,TSK00549,24-05-2026,7.5,2.8,Yes,Ronith Venkatesh,Officiis quaerat recusandae illum amet.
TMS01116,EMP026,Madhav Roy,PRJ019,TSK00550,24-05-2026,7.4,1,Yes,Daksha Kalla,Officiis rem cum quibusdam non itaque.
TMS01117,EMP026,Madhav Roy,PRJ019,TSK00550,24-05-2026,8.1,2.4,Yes,Tripti Gulati,Esse deserunt magni magni necessitatibus eum iusto voluptatem.
TMS01118,EMP026,Madhav Roy,PRJ019,TSK00550,24-05-2026,6.9,0.5,No,Lopa Manne,Quas perferendis maiores fugiat enim.
TMS01119,EMP032,Wakeeta Deshpande,PRJ019,TSK00551,24-05-2026,6.8,1.3,No,Hemani Mishra,Mollitia doloribus est numquam enim.
TMS01120,EMP032,Wakeeta Deshpande,PRJ019,TSK00551,24-05-2026,3.8,0.8,No,Nidhi Bora,Occaecati vero quisquam aperiam.
TMS01121,EMP032,Wakeeta Deshpande,PRJ019,TSK00551,24-05-2026,5,0.9,No,Lajita Zachariah,Doloribus voluptates quo reprehenderit quibusdam corporis.
TMS01122,EMP018,Jeet Ranganathan,PRJ019,TSK00552,24-05-2026,4.5,0.9,No,Abhimanyu Panchal,Eaque magni quis excepturi.
TMS01123,EMP018,Jeet Ranganathan,PRJ019,TSK00552,24-05-2026,8.1,0,No,Balendra Sankaran,Exercitationem exercitationem dicta.
TMS01124,EMP018,Jeet Ranganathan,PRJ019,TSK00552,24-05-2026,2.4,1.2,Yes,Faras Hans,Cupiditate reiciendis ab qui ipsam accusamus error.
TMS01125,EMP048,Faqid Badami,PRJ019,TSK00553,24-05-2026,8.1,0.1,Yes,Ekapad Badami,Ratione alias deleniti repudiandae sit aut ab.
TMS01126,EMP048,Faqid Badami,PRJ019,TSK00553,24-05-2026,3.7,2.2,No,Chandani Natarajan,Nobis accusamus excepturi provident praesentium aut maxime.
TMS01127,EMP025,Udarsh Kaul,PRJ019,TSK00554,24-05-2026,2.2,1.3,No,Vasudha Batra,Ex nesciunt fugit ad nulla laborum beatae.
TMS01128,EMP025,Udarsh Kaul,PRJ019,TSK00554,24-05-2026,4.6,1.7,Yes,Saanvi Bajwa,Accusantium similique quod nesciunt rem rem.
TMS01129,EMP076,Qadim Mander,PRJ019,TSK00555,24-05-2026,6.9,1.3,No,Yashoda Mann,Similique tempore vitae illo in.
TMS01130,EMP036,Abhimanyu Contractor,PRJ019,TSK00556,24-05-2026,2.6,0.5,No,Hemangini Dara,Iste occaecati id.
TMS01131,EMP079,Balvan Shere,PRJ019,TSK00557,24-05-2026,6.7,2.9,Yes,Nidra Dhaliwal,Veniam voluptatibus voluptas.
TMS01132,EMP079,Balvan Shere,PRJ019,TSK00557,24-05-2026,8.2,1.2,No,Lipika Thakur,Recusandae impedit in architecto nostrum error.
TMS01133,EMP079,Balvan Shere,PRJ019,TSK00557,24-05-2026,4,3,No,Jonathan Trivedi,Fuga eligendi quaerat blanditiis minima nisi consequuntur.
TMS01134,EMP042,Amruta Mall,PRJ019,TSK00558,24-05-2026,2.8,1.9,No,Ekbal Radhakrishnan,Vero facere earum.
TMS01135,EMP082,Agastya Gill,PRJ019,TSK00559,24-05-2026,5,2.8,Yes,Vasatika Nagy,Aspernatur nostrum ex possimus sit dolorem repellendus.
TMS01136,EMP082,Agastya Gill,PRJ019,TSK00559,24-05-2026,5.8,2.6,Yes,Veer Chowdhury,Hic sequi beatae consectetur excepturi sapiente.
TMS01137,EMP082,Agastya Gill,PRJ019,TSK00559,24-05-2026,4.6,2.3,No,Ekaja Chaudhari,Est voluptatibus necessitatibus.
TMS01138,EMP040,Zilmil Ganesan,PRJ019,TSK00560,24-05-2026,9,1.8,Yes,Bina Chaudry,Quaerat voluptatibus nostrum accusamus accusamus nemo.
TMS01139,EMP097,Panini Sandhu,PRJ019,TSK00561,24-05-2026,2.7,0.7,No,Chatresh Datta,Iste error possimus quaerat eum ipsam ab.
TMS01140,EMP097,Panini Sandhu,PRJ019,TSK00561,24-05-2026,6.5,2.5,Yes,Yutika Behl,Illo nulla iure pariatur velit quae.
TMS01141,EMP097,Panini Sandhu,PRJ019,TSK00561,24-05-2026,3.1,2.3,No,Panini Tandon,Officiis numquam veritatis eligendi porro aperiam ratione.
TMS01142,EMP080,Anay Soman,PRJ019,TSK00562,24-05-2026,9.2,1.3,Yes,Bhavani Sarna,Amet dignissimos saepe exercitationem molestiae animi hic sapiente.
TMS01143,EMP080,Anay Soman,PRJ019,TSK00562,24-05-2026,3.5,1.4,No,Varsha Mannan,Possimus id officia.
TMS01144,EMP041,Chatura Oza,PRJ019,TSK00563,24-05-2026,4.7,2,No,Hemani Dugar,Debitis sapiente facere minima consequuntur sapiente fuga.
TMS01145,EMP041,Chatura Oza,PRJ019,TSK00563,24-05-2026,4,2.2,Yes,Varsha Dugal,Voluptate recusandae iusto eaque.
TMS01146,EMP010,Patrick Mani,PRJ019,TSK00564,24-05-2026,3,1.2,No,Vasatika Puri,Repellat delectus provident dolorum architecto deleniti aut.
TMS01147,EMP010,Patrick Mani,PRJ019,TSK00565,24-05-2026,8.4,2.5,Yes,Yashvi Lalla,Officiis cumque fugiat eius laborum.
TMS01148,EMP010,Patrick Mani,PRJ019,TSK00565,24-05-2026,9.3,1.5,Yes,Udant Varughese,Nemo aliquam dolore velit dignissimos.
TMS01149,EMP096,Tara Bhargava,PRJ019,TSK00566,24-05-2026,5.5,0.1,No,Om Ben,Commodi eum repellat harum dignissimos temporibus accusamus.
TMS01150,EMP096,Tara Bhargava,PRJ019,TSK00566,24-05-2026,8.3,1.5,No,Mitali Khosla,Saepe libero dolor quae cum.
TMS01151,EMP096,Tara Bhargava,PRJ019,TSK00566,24-05-2026,7.1,2.2,Yes,Yagnesh Issac,Vero quae distinctio distinctio vitae rem amet consectetur.
TMS01152,EMP052,Ekalinga Ravi,PRJ019,TSK00567,24-05-2026,8.2,1.6,Yes,Champak Badal,Ea iusto autem laudantium.
TMS01153,EMP052,Ekalinga Ravi,PRJ019,TSK00567,24-05-2026,6.6,1.4,Yes,Oviya Kashyap,Earum error eveniet occaecati ea eius aperiam neque.
TMS01154,EMP052,Ekalinga Ravi,PRJ019,TSK00567,24-05-2026,8,2.3,No,Qasim Amble,Alias nihil eaque expedita architecto vel similique.
TMS01155,EMP093,Charles Balan,PRJ019,TSK00568,24-05-2026,5.7,2.7,Yes,Naksh Saha,Iste quia natus cumque assumenda.
TMS01156,EMP093,Charles Balan,PRJ019,TSK00568,24-05-2026,7.2,0.2,No,Zayan Chakrabarti,Provident vitae dolore provident ut sit.
TMS01157,EMP041,Chatura Oza,PRJ019,TSK00569,24-05-2026,6.2,2.1,No,Kalpit Kadakia,Enim sed saepe et et.
TMS01158,EMP041,Chatura Oza,PRJ019,TSK00569,24-05-2026,9.1,1.2,No,Kiaan Nazareth,Ducimus quis totam temporibus omnis mollitia debitis velit.
TMS01159,EMP048,Faqid Badami,PRJ019,TSK00570,24-05-2026,7,1.2,Yes,Chaitaly Butala,Repudiandae doloribus quae ipsa.
TMS01160,EMP046,Xiti Baral,PRJ020,TSK00571,24-05-2026,4.6,0.5,Yes,Ojasvi Keer,Accusamus laborum velit voluptate eaque officiis voluptatum.
TMS01161,EMP076,Qadim Mander,PRJ020,TSK00572,24-05-2026,7.4,1,No,Jeevika Sathe,Sequi quis eos expedita id.
TMS01162,EMP076,Qadim Mander,PRJ020,TSK00572,24-05-2026,7.2,0.6,No,Advaith Sibal,Sunt iure non dignissimos laborum officia ipsum.
TMS01163,EMP076,Qadim Mander,PRJ020,TSK00572,24-05-2026,9.1,2.1,Yes,Vanya Grover,Nam impedit exercitationem omnis.
TMS01164,EMP078,Ekanta Apte,PRJ020,TSK00573,24-05-2026,8.2,0.6,Yes,Gunbir Borra,Quibusdam mollitia voluptate error quibusdam enim occaecati ipsa.
TMS01165,EMP061,Yashodhara Chadha,PRJ020,TSK00574,24-05-2026,2.2,1.8,Yes,Vedant Nagarajan,Atque dicta libero maxime cum est.
TMS01166,EMP071,Ira Khosla,PRJ020,TSK00575,24-05-2026,6.3,2.9,No,Umang Mandal,Maiores consequatur tempore tenetur.
TMS01167,EMP037,Samarth Goel,PRJ020,TSK00576,24-05-2026,9.4,2,Yes,Isaac Malhotra,Ea ratione dolorem eos illo blanditiis sapiente.
TMS01168,EMP037,Samarth Goel,PRJ020,TSK00576,24-05-2026,4.4,1.3,No,Jonathan Mistry,Suscipit earum voluptatum dolorum maiores hic repudiandae.
TMS01169,EMP002,Kalpit Deol,PRJ020,TSK00577,24-05-2026,9.5,0.7,No,Chaman Borah,Occaecati expedita eaque sequi iure ex omnis quam.
TMS01170,EMP054,Vasatika Thaker,PRJ020,TSK00578,24-05-2026,3.1,2.7,No,Pallavi Kadakia,Soluta quo molestiae tempore cumque earum.
TMS01171,EMP091,Ubika Sachdev,PRJ020,TSK00579,24-05-2026,8.7,1.1,No,Sai Narayan,Reprehenderit molestias vitae.
TMS01172,EMP019,Eta Narang,PRJ020,TSK00580,24-05-2026,8.8,0.6,Yes,Zaid Gole,Porro tenetur facere optio placeat porro porro.
TMS01173,EMP019,Eta Narang,PRJ020,TSK00580,24-05-2026,5.6,1.2,Yes,Jeremiah Misra,Accusantium quas molestias.
TMS01174,EMP019,Eta Narang,PRJ020,TSK00580,24-05-2026,8.2,1.8,Yes,Widisha Pingle,Quasi rem alias illo ad.
TMS01175,EMP060,Ishanvi Choudhry,PRJ020,TSK00581,24-05-2026,9.8,1.5,Yes,Naksh Narula,Necessitatibus dignissimos quae necessitatibus quod.
TMS01176,EMP023,Dev Agrawal,PRJ020,TSK00582,24-05-2026,8.1,0.4,No,Charvi Chauhan,Alias maxime id ut officia consectetur maxime veritatis.
TMS01177,EMP090,Mohini Aurora,PRJ020,TSK00583,24-05-2026,6.8,2.2,No,Maanav Korpal,Ratione tenetur natus.
TMS01178,EMP090,Mohini Aurora,PRJ020,TSK00583,24-05-2026,5.3,0.6,Yes,Anmol Prabhakar,Esse esse ipsa nulla explicabo quisquam.
TMS01179,EMP090,Mohini Aurora,PRJ020,TSK00583,24-05-2026,8.4,1.1,No,Nakul Walla,Reprehenderit minus aliquid atque sunt ipsam debitis.
TMS01180,EMP038,Thomas Dada,PRJ020,TSK00584,24-05-2026,2.9,1.4,Yes,Hemal Sidhu,Reprehenderit fugit eveniet.
TMS01181,EMP038,Thomas Dada,PRJ020,TSK00584,24-05-2026,5,1.3,Yes,Upkaar Chadha,Quibusdam accusantium ipsa esse in eos eligendi.
TMS01182,EMP038,Thomas Dada,PRJ020,TSK00584,24-05-2026,4.8,2.8,Yes,Vrinda Ranganathan,Omnis quis molestias nostrum eos.
TMS01183,EMP065,Amara Parikh,PRJ020,TSK00585,24-05-2026,9.6,2,Yes,Nitara Lad,Harum tempore ea ad illum.
TMS01184,EMP065,Amara Parikh,PRJ020,TSK00585,24-05-2026,10,0.3,No,Jack Raman,Et quos expedita laboriosam nemo.
TMS01185,EMP060,Ishanvi Choudhry,PRJ020,TSK00586,24-05-2026,2.1,2.9,No,Omya Pandit,Dicta optio aliquid alias.
TMS01186,EMP060,Ishanvi Choudhry,PRJ020,TSK00586,24-05-2026,2.4,2.5,Yes,Wriddhish Vig,Cum totam consectetur molestiae quasi numquam.
TMS01187,EMP005,Vinaya Dyal,PRJ020,TSK00587,24-05-2026,2.1,1.6,Yes,Nandini Mahajan,Labore incidunt dolorum maxime ipsum.
TMS01188,EMP005,Vinaya Dyal,PRJ020,TSK00587,24-05-2026,7.6,2.3,Yes,Yatan Uppal,Ea maxime inventore ea voluptatem cupiditate.
TMS01189,EMP005,Vinaya Dyal,PRJ020,TSK00587,24-05-2026,6.8,0.6,No,Ubika Narula,Non deleniti optio ab.
TMS01190,EMP009,Madhav Agate,PRJ020,TSK00588,24-05-2026,6.9,2.5,No,Oscar Kanda,Perferendis ut dolore.
TMS01191,EMP009,Madhav Agate,PRJ020,TSK00588,24-05-2026,3.4,2.8,Yes,Oscar Oza,Voluptas eius facilis tenetur occaecati.
TMS01192,EMP022,Ekavir Barman,PRJ020,TSK00589,24-05-2026,8.5,2,No,Vrishti Murthy,Exercitationem consequuntur officia in earum.
TMS01193,EMP022,Ekavir Barman,PRJ020,TSK00589,24-05-2026,9,0.3,Yes,Jatin Chacko,Ipsum deleniti quam voluptatem.
TMS01194,EMP022,Ekavir Barman,PRJ020,TSK00589,24-05-2026,2.2,0.6,No,Qadim Savant,Quam nam est sit.
TMS01195,EMP051,Gaurika Sami,PRJ020,TSK00590,24-05-2026,5,2.5,No,Qadim Subramaniam,Voluptates qui quas voluptatum fuga.
TMS01196,EMP051,Gaurika Sami,PRJ020,TSK00590,24-05-2026,2.2,0.1,Yes,Imaran Sidhu,Maiores rerum modi occaecati.
TMS01197,EMP051,Gaurika Sami,PRJ020,TSK00590,24-05-2026,9.1,0.1,Yes,Bhavna Karnik,Nostrum molestias illum pariatur libero enim iste.
TMS01198,EMP028,Reva Chacko,PRJ020,TSK00591,24-05-2026,2.4,1.1,Yes,Ronith Bains,Praesentium delectus velit dignissimos.
TMS01199,EMP028,Reva Chacko,PRJ020,TSK00591,24-05-2026,3.3,0,Yes,Chaitanya Mishra,Quo laborum eaque dolor nobis repellendus occaecati.
TMS01200,EMP092,Ekani Buch,PRJ020,TSK00592,24-05-2026,5.4,0.2,No,Jagat Kashyap,Neque explicabo sequi magnam pariatur numquam.
TMS01201,EMP099,Praneel Sule,PRJ020,TSK00593,24-05-2026,9.9,2.6,No,Kashish Sodhi,Vitae nulla beatae veritatis non.
TMS01202,EMP099,Praneel Sule,PRJ020,TSK00593,24-05-2026,3.1,1.8,Yes,Harinakshi Som,Facilis sunt optio quos saepe libero.
TMS01203,EMP004,Darpan Borra,PRJ020,TSK00594,24-05-2026,5.8,2.7,No,Rushil Andra,Adipisci distinctio corporis corrupti vel qui.
TMS01204,EMP004,Darpan Borra,PRJ020,TSK00594,24-05-2026,3,2,No,Tejas Sura,Earum eos corporis in placeat earum placeat.
TMS01205,EMP022,Ekavir Barman,PRJ020,TSK00595,24-05-2026,7.3,0.3,No,Chanakya Padmanabhan,Et maiores voluptas dignissimos iure ipsam.
TMS01206,EMP022,Ekavir Barman,PRJ020,TSK00595,24-05-2026,8,2.6,Yes,Tarak Raval,Consectetur consectetur aspernatur harum iure laudantium iusto.
TMS01207,EMP022,Ekavir Barman,PRJ020,TSK00595,24-05-2026,3,1.5,Yes,Zayan Ratta,Ipsa fugit nulla doloribus animi harum perspiciatis.
TMS01208,EMP025,Udarsh Kaul,PRJ020,TSK00596,24-05-2026,7.3,2.2,No,Aditya Oommen,Non vero eveniet.
TMS01209,EMP046,Xiti Baral,PRJ020,TSK00597,24-05-2026,9.1,0.3,Yes,Onveer Oza,Suscipit similique blanditiis dicta modi doloremque.
TMS01210,EMP046,Xiti Baral,PRJ020,TSK00597,24-05-2026,4,2.2,No,Azaan Ram,Reiciendis libero voluptate vel fugit magnam nam.
TMS01211,EMP059,Rajata Dar,PRJ020,TSK00598,24-05-2026,7.7,1.4,No,Falan Kamdar,Quo voluptas quidem sapiente alias.
TMS01212,EMP059,Rajata Dar,PRJ020,TSK00598,24-05-2026,8.1,0.4,No,Dayamai Bora,Suscipit velit sint dolorem.
TMS01213,EMP039,Ayaan Johal,PRJ020,TSK00599,24-05-2026,7.3,1.7,Yes,Advika Golla,Esse odio quidem laborum voluptatem ratione qui consequuntur.
TMS01214,EMP039,Ayaan Johal,PRJ020,TSK00599,24-05-2026,8,2.4,Yes,Balendra Goyal,Esse optio quo aut iure.
TMS01215,EMP050,Ishwar Taneja,PRJ020,TSK00600,24-05-2026,9.8,0,Yes,Ishwar Saini,Consequatur ex dolor unde reprehenderit minus molestias repellendus.
