revenue_id,client_id,client_name,project_id,project_name,invoice_id,contract_id,revenue_period,revenue_date,revenue_amount,currency,revenue_type,revenue_stream,monthly_recurring_revenue_mrr,annual_recurring_revenue_arr,gross_revenue,net_revenue,tax_amount,profit_margin,recognition_date,payment_status,outstanding_amount,collection_days,revenue_growth_percentage,revenue_band,forecast_revenue,upsell_revenue,country,billing_frequency
REV00001,CLT008,Ferguson-Keller,PRJ001,Iterate Next-Generation E-Commerce,INV00001,CON048,Oct-25,30-10-2025,2357113,SGD,Recognized,Recurring,196426.08,2357113,2357113,1932832.66,424280.34,37.93,04-11-2025,Paid,234053,22,29.19,High,2953485,467759,UK,Monthly
REV00002,CLT001,Oliver-Robinson,PRJ006,Extend Collaborative Action-Items,INV00002,CON045,Feb-26,20-02-2026,3595146,USD,Deferred,One-time,299595.5,3595146,3595146,2948019.72,647126.28,27.01,25-02-2026,Paid,582738,24,-2.08,High,4598365,53587,India,Annual
REV00003,CLT024,"Murphy, Hayden and Williams",PRJ019,Re-Intermediate Bleeding-Edge Markets,INV00003,CON013,Nov-25,21-11-2025,633470,INR,Deferred,One-time,52789.17,633470,633470,519445.4,114024.6,48.91,26-11-2025,Partial,173346,34,31.38,Medium,852375,448432,UK,Annual
REV00004,CLT011,Browning-Bolton,PRJ015,Orchestrate Proactive Supply-Chains,INV00004,CON025,Oct-25,21-10-2025,2314486,INR,Deferred,One-time,192873.83,2314486,2314486,1897878.52,416607.48,15.86,26-10-2025,Paid,721590,76,-1.82,High,2655374,402817,India,Quarterly
REV00005,CLT016,"Sanchez, Hess and Watkins",PRJ018,Unleash Cutting-Edge Experiences,INV00005,CON035,Nov-25,19-11-2025,2254036,SGD,Recognized,Recurring,187836.33,2254036,2254036,1848309.52,405726.48,8.84,24-11-2025,Partial,612982,59,38.87,High,2636816,114987,UK,Monthly
REV00006,CLT001,"White, Esparza and Miles",PRJ004,Strategize Integrated Applications,INV00006,CON044,Jun-25,15-06-2025,4554433,USD,Accrued,One-time,379536.08,4554433,4554433,3734635.06,819797.94,9.05,20-06-2025,Partial,559572,103,23.46,High,4934571,227942,India,Annual
REV00007,CLT034,"Cain, Potter and Vazquez",PRJ001,Envisioneer Killer Schemas,INV00007,CON039,Feb-26,25-02-2026,2769218,INR,Recognized,Recurring,230768.17,2769218,2769218,2270758.76,498459.24,6.09,02-03-2026,Pending,40845,19,40.75,High,3637690,436032,India,Monthly
REV00008,CLT035,Diaz-Hughes,PRJ007,Enable End-To-End Technologies,INV00008,CON046,Dec-25,16-12-2025,2664865,INR,Recognized,Recurring,222072.08,2664865,2664865,2185189.3,479675.7,12.93,21-12-2025,Partial,783119,61,38.98,High,3159053,129973,USA,Annual
REV00009,CLT014,"Walker, Hunt and Castro",PRJ018,Scale Extensible Web-Readiness,INV00009,CON009,Jun-25,26-06-2025,4840256,INR,Deferred,One-time,403354.67,4840256,4840256,3969009.92,871246.08,20.77,01-07-2025,Paid,991262,36,32.08,High,6254816,99829,UK,Quarterly
REV00010,CLT029,Malone-Ingram,PRJ005,Streamline Synergistic Initiatives,INV00010,CON028,Nov-25,05-11-2025,1589209,INR,Recognized,Recurring,132434.08,1589209,1589209,1303151.38,286057.62,28.81,10-11-2025,Paid,485100,36,37.47,Medium,1704610,423636,Australia,Monthly
REV00011,CLT030,Lane-Owen,PRJ010,Reinvent Clicks-And-Mortar Communities,INV00011,CON028,Feb-26,12-02-2026,4712122,SGD,Recognized,Recurring,392676.83,4712122,4712122,3863940.04,848181.96,15.3,17-02-2026,Paid,1506611,67,-5.71,High,5367165,30662,USA,Annual
REV00012,CLT016,"Cooper, Reynolds and Serrano",PRJ013,Evolve Collaborative Metrics,INV00012,CON008,Sep-25,16-09-2025,4828783,USD,Accrued,One-time,402398.58,4828783,4828783,3959602.06,869180.94,38.18,21-09-2025,Pending,1214081,81,-12.62,High,5188986,344652,Singapore,Monthly
REV00013,CLT014,"Short, Baldwin and Smith",PRJ017,Syndicate Web-Enabled Solutions,INV00013,CON017,Dec-25,06-12-2025,1161126,SGD,Accrued,Recurring,96760.5,1161126,1161126,952123.32,209002.68,32,11-12-2025,Overdue,461826,13,37.76,Medium,1347902,82704,USA,Annual
REV00014,CLT019,"Mccarthy, James and Kelly",PRJ020,Synergize Interactive Portals,INV00014,CON014,Sep-25,19-09-2025,2926288,INR,Deferred,Recurring,243857.33,2926288,2926288,2399556.16,526731.84,33.43,24-09-2025,Paid,553614,69,14.31,High,3867384,443602,UK,Monthly
REV00015,CLT005,Ward-Carroll,PRJ005,E-Enable Compelling E-Markets,INV00015,CON035,Jul-25,06-07-2025,352225,USD,Accrued,Recurring,29352.08,352225,352225,288824.5,63400.5,17.71,11-07-2025,Paid,38821,60,-7.35,Low,402409,471325,Singapore,Annual
REV00016,CLT022,"Martinez, King and Beard",PRJ014,Strategize Clicks-And-Mortar Mindshare,INV00016,CON052,Jun-25,07-06-2025,2131777,INR,Deferred,One-time,177648.08,2131777,2131777,1748057.14,383719.86,35.22,12-06-2025,Overdue,166931,105,27.08,High,2483013,20302,Singapore,Quarterly
REV00017,CLT035,Gonzales-Gutierrez,PRJ011,Aggregate Front-End Communities,INV00017,CON002,Mar-26,03-03-2026,1017556,USD,Deferred,Recurring,84796.33,1017556,1017556,834395.92,183160.08,34.81,08-03-2026,Overdue,93620,79,42.75,Medium,1149471,56834,USA,Quarterly
REV00018,CLT021,"Alexander, Anderson and Spears",PRJ004,Incubate Vertical Synergies,INV00018,CON047,Feb-26,07-02-2026,2569285,INR,Accrued,One-time,214107.08,2569285,2569285,2106813.7,462471.3,25.98,12-02-2026,Partial,324308,90,9.5,High,3007913,155008,UK,Annual
REV00019,CLT021,Burns Group,PRJ015,Envisioneer 24/365 Infrastructures,INV00019,CON029,Jun-25,12-06-2025,3759105,SGD,Deferred,One-time,313258.75,3759105,3759105,3082466.1,676638.9,5.25,17-06-2025,Partial,448164,70,13.39,High,4963350,417346,India,Monthly
REV00020,CLT027,Terry LLC,PRJ019,Syndicate B2B Architectures,INV00020,CON013,Feb-26,01-02-2026,3271044,USD,Recognized,One-time,272587,3271044,3271044,2682256.08,588787.92,12.57,06-02-2026,Paid,838132,36,-6.15,High,4109369,468010,Singapore,Monthly
REV00021,CLT029,"Hobbs, Mcconnell and Mills",PRJ020,Exploit Revolutionary Experiences,INV00021,CON053,Mar-26,08-03-2026,4284386,USD,Accrued,One-time,357032.17,4284386,4284386,3513196.52,771189.48,25.75,13-03-2026,Overdue,1148970,62,38.83,High,5454437,248866,Singapore,Annual
REV00022,CLT010,"Bean, Wright and Martinez",PRJ008,Streamline Out-Of-The-Box Web-Readiness,INV00022,CON025,Feb-26,12-02-2026,1331823,INR,Deferred,Recurring,110985.25,1331823,1331823,1092094.86,239728.14,30.68,17-02-2026,Paid,67348,58,9.46,Medium,1615212,217985,UK,Annual
REV00023,CLT039,"Briggs, Kaiser and Smith",PRJ008,Empower Interactive Convergence,INV00023,CON032,Jul-25,24-07-2025,1890642,SGD,Deferred,Recurring,157553.5,1890642,1890642,1550326.44,340315.56,32.76,29-07-2025,Overdue,457007,67,-13.26,Medium,2175824,356065,Singapore,Annual
REV00024,CLT014,"Elliott, Norton and Miller",PRJ015,Monetize Innovative E-Markets,INV00024,CON021,Nov-25,03-11-2025,2881159,USD,Accrued,Recurring,240096.58,2881159,2881159,2362550.38,518608.62,17.57,08-11-2025,Paid,583546,101,42.07,High,3389595,437733,India,Quarterly
REV00025,CLT031,Knox and Sons,PRJ004,Implement 24/365 Convergence,INV00025,CON037,Apr-26,03-04-2026,1878419,INR,Recognized,Recurring,156534.92,1878419,1878419,1540303.58,338115.42,19.56,08-04-2026,Paid,733442,37,31.01,Medium,2066893,318372,USA,Quarterly
REV00026,CLT020,Dennis Ltd,PRJ020,Reinvent Extensible Partnerships,INV00026,CON052,Apr-26,22-04-2026,1065483,INR,Accrued,One-time,88790.25,1065483,1065483,873696.06,191786.94,3.44,27-04-2026,Pending,296711,105,-12.54,Medium,1289046,346827,Australia,Monthly
REV00027,CLT040,Oneal-Banks,PRJ018,Morph Real-Time E-Markets,INV00027,CON050,Mar-26,26-03-2026,4105871,INR,Deferred,Recurring,342155.92,4105871,4105871,3366814.22,739056.78,22.26,31-03-2026,Partial,913465,110,28.86,High,4641763,446542,USA,Quarterly
REV00028,CLT018,Woods-Ramos,PRJ020,Deploy Magnetic Partnerships,INV00028,CON045,Nov-25,09-11-2025,2367508,USD,Recognized,One-time,197292.33,2367508,2367508,1941356.56,426151.44,21.2,14-11-2025,Overdue,10644,71,41.88,High,2546690,377526,Australia,Annual
REV00029,CLT034,"Rogers, Lewis and Andrews",PRJ012,Brand User-Centric Initiatives,INV00029,CON028,Jul-25,20-07-2025,4666993,SGD,Deferred,Recurring,388916.08,4666993,4666993,3826934.26,840058.74,33.09,25-07-2025,Paid,737800,94,12.22,High,5329644,120868,Singapore,Annual
REV00030,CLT019,Gilmore-Hudson,PRJ004,Integrate Collaborative Users,INV00030,CON054,Sep-25,02-09-2025,1678376,USD,Recognized,One-time,139864.67,1678376,1678376,1376268.32,302107.68,28.65,07-09-2025,Partial,238533,51,-4.23,Medium,1769418,280040,India,Annual
REV00031,CLT017,Colon-Salazar,PRJ016,Incentivize Rich E-Markets,INV00031,CON008,Oct-25,04-10-2025,598140,SGD,Recognized,Recurring,49845,598140,598140,490474.8,107665.2,29.8,09-10-2025,Partial,128908,14,19.62,Medium,751225,79548,USA,Monthly
REV00032,CLT040,"Aguilar, Ramsey and Simmons",PRJ002,Brand Scalable Portals,INV00032,CON040,Mar-26,02-03-2026,882431,SGD,Recognized,Recurring,73535.92,882431,882431,723593.42,158837.58,36.16,07-03-2026,Partial,327950,32,0.88,Medium,948045,125758,India,Quarterly
REV00033,CLT017,Anthony-Zavala,PRJ019,Synergize Interactive Communities,INV00033,CON043,Feb-26,21-02-2026,1709427,INR,Recognized,One-time,142452.25,1709427,1709427,1401730.14,307696.86,19.42,26-02-2026,Partial,120351,74,-1.51,Medium,1871304,139267,India,Annual
REV00034,CLT039,"Rogers, Shea and Clements",PRJ002,Repurpose Vertical Action-Items,INV00034,CON057,Oct-25,04-10-2025,3674119,SGD,Accrued,Recurring,306176.58,3674119,3674119,3012777.58,661341.42,28.78,09-10-2025,Paid,1266079,37,-13.45,High,4110153,353526,USA,Monthly
REV00035,CLT031,Palmer and Sons,PRJ012,Optimize Web-Enabled Channels,INV00035,CON027,May-26,08-05-2026,2845993,SGD,Accrued,Recurring,237166.08,2845993,2845993,2333714.26,512278.74,22.37,13-05-2026,Pending,219361,114,-5.35,High,3339754,259768,UK,Quarterly
REV00036,CLT024,Young Inc,PRJ020,Architect Integrated Platforms,INV00036,CON049,Jul-25,17-07-2025,4231663,USD,Recognized,Recurring,352638.58,4231663,4231663,3469963.66,761699.34,13.42,22-07-2025,Pending,927027,102,-11.9,High,4782273,68688,UK,Annual
REV00037,CLT008,"Oliver, Newman and Marsh",PRJ005,Aggregate One-To-One Technologies,INV00037,CON032,Jun-25,13-06-2025,2498312,USD,Recognized,One-time,208192.67,2498312,2498312,2048615.84,449696.16,25.17,18-06-2025,Partial,739677,39,9.93,High,2984857,247579,Australia,Monthly
REV00038,CLT020,Walters PLC,PRJ019,Generate Seamless Content,INV00038,CON038,Apr-26,27-04-2026,4157400,USD,Recognized,Recurring,346450,4157400,4157400,3409068,748332,42.08,02-05-2026,Overdue,936477,73,14.06,High,4779895,399964,USA,Annual
REV00039,CLT032,Simpson Group,PRJ002,Transform Extensible Interfaces,INV00039,CON009,Oct-25,21-10-2025,4263523,INR,Deferred,Recurring,355293.58,4263523,4263523,3496088.86,767434.14,15.82,26-10-2025,Overdue,696243,116,-8.98,High,5557552,52277,Singapore,Monthly
REV00040,CLT035,Murphy and Sons,PRJ002,Incubate Customized Niches,INV00040,CON040,Aug-25,25-08-2025,623954,USD,Accrued,Recurring,51996.17,623954,623954,511642.28,112311.72,39.19,30-08-2025,Paid,165455,92,40.26,Medium,841856,391520,India,Quarterly
REV00041,CLT016,Duran-Taylor,PRJ017,Incentivize Distributed E-Markets,INV00041,CON027,Jul-25,16-07-2025,4797348,SGD,Deferred,Recurring,399779,4797348,4797348,3933825.36,863522.64,14.87,21-07-2025,Overdue,1662033,28,-4.8,High,5150866,456570,Singapore,Monthly
REV00042,CLT023,"Griffith, Berry and Cox",PRJ019,Cultivate Enterprise E-Services,INV00042,CON020,Jan-26,04-01-2026,3609361,INR,Deferred,One-time,300780.08,3609361,3609361,2959676.02,649684.98,33.5,09-01-2026,Overdue,958054,113,3.13,High,4871959,447393,Singapore,Annual
REV00043,CLT039,Anderson-Vasquez,PRJ016,Architect E-Business Models,INV00043,CON054,Jan-26,05-01-2026,2450770,SGD,Accrued,Recurring,204230.83,2450770,2450770,2009631.4,441138.6,10.74,10-01-2026,Partial,837665,34,21.42,High,2832345,333771,USA,Annual
REV00044,CLT019,"Martinez, Webb and Brown",PRJ011,Orchestrate Viral Solutions,INV00044,CON048,Jul-25,23-07-2025,3535492,INR,Deferred,One-time,294624.33,3535492,3535492,2899103.44,636388.56,38.51,28-07-2025,Pending,421097,21,32.19,High,4641882,191814,USA,Annual
REV00045,CLT017,"Gomez, Pierce and Fisher",PRJ018,Re-Contextualize Vertical Channels,INV00045,CON008,Jul-25,13-07-2025,3865021,INR,Deferred,Recurring,322085.08,3865021,3865021,3169317.22,695703.78,26.83,18-07-2025,Pending,1411023,100,25.34,High,4736073,431183,Singapore,Annual
REV00046,CLT032,Leon LLC,PRJ004,Target Open-Source Eyeballs,INV00046,CON007,Dec-25,14-12-2025,2019645,SGD,Deferred,Recurring,168303.75,2019645,2019645,1656108.9,363536.1,17.18,19-12-2025,Overdue,142254,54,12.22,High,2526870,389619,Singapore,Quarterly
REV00047,CLT024,Leblanc and Sons,PRJ018,Expedite Open-Source Vortals,INV00047,CON058,Feb-26,11-02-2026,3058774,INR,Accrued,Recurring,254897.83,3058774,3058774,2508194.68,550579.32,46.16,16-02-2026,Overdue,834959,40,-3.61,High,3323810,444613,Singapore,Monthly
REV00048,CLT010,Dixon and Sons,PRJ020,Target B2B Bandwidth,INV00048,CON001,Oct-25,21-10-2025,2375949,INR,Deferred,Recurring,197995.75,2375949,2375949,1948278.18,427670.82,5.02,26-10-2025,Paid,151716,21,17.41,High,3063914,57633,India,Annual
REV00049,CLT029,Smith Inc,PRJ012,Redefine Distributed Mindshare,INV00049,CON033,Apr-26,22-04-2026,964811,USD,Recognized,One-time,80400.92,964811,964811,791145.02,173665.98,21.27,27-04-2026,Pending,264156,33,41.72,Medium,1025603,410636,India,Quarterly
REV00050,CLT018,Taylor-Miller,PRJ020,Implement Dynamic Infrastructures,INV00050,CON041,Jan-26,24-01-2026,4960394,SGD,Deferred,Recurring,413366.17,4960394,4960394,4067523.08,892870.92,22.95,29-01-2026,Overdue,1493492,46,7.85,High,6097403,154611,Australia,Annual
REV00051,CLT021,"Harris, Wright and Fox",PRJ014,Redefine Scalable Eyeballs,INV00051,CON021,Nov-25,09-11-2025,2188170,INR,Recognized,One-time,182347.5,2188170,2188170,1794299.4,393870.6,29.35,14-11-2025,Paid,160053,92,40.38,High,2341648,436088,UK,Monthly
REV00052,CLT019,Mcclain-Reed,PRJ020,Strategize Dynamic Functionalities,INV00052,CON020,Oct-25,15-10-2025,2999822,USD,Deferred,Recurring,249985.17,2999822,2999822,2459854.04,539967.96,42.39,20-10-2025,Paid,1064121,32,-5.72,High,3583757,444216,Australia,Quarterly
REV00053,CLT022,Taylor Ltd,PRJ012,Redefine 24/365 Partnerships,INV00053,CON001,Oct-25,09-10-2025,1571740,INR,Recognized,One-time,130978.33,1571740,1571740,1288826.8,282913.2,39.56,14-10-2025,Paid,593830,89,9.05,Medium,1717224,331964,Australia,Quarterly
REV00054,CLT040,"Krueger, Mccullough and Martin",PRJ002,Strategize Value-Added E-Commerce,INV00054,CON044,Jul-25,16-07-2025,734355,INR,Recognized,One-time,61196.25,734355,734355,602171.1,132183.9,27.53,21-07-2025,Pending,232318,89,10.44,Medium,904815,217151,Australia,Quarterly
REV00055,CLT020,Sellers PLC,PRJ007,Whiteboard Best-Of-Breed Technologies,INV00055,CON050,Sep-25,30-09-2025,1201208,INR,Deferred,Recurring,100100.67,1201208,1201208,984990.56,216217.44,10.55,05-10-2025,Overdue,133965,42,4.69,Medium,1264053,391650,Singapore,Annual
REV00056,CLT037,Pierce-Green,PRJ013,Deploy Cross-Platform Content,INV00056,CON046,Mar-26,01-03-2026,3553870,SGD,Recognized,One-time,296155.83,3553870,3553870,2914173.4,639696.6,30.38,06-03-2026,Overdue,241536,56,-13.75,High,4077818,420123,USA,Monthly
REV00057,CLT033,Ho Inc,PRJ004,Benchmark Leading-Edge Metrics,INV00057,CON034,Sep-25,26-09-2025,4327787,INR,Recognized,One-time,360648.92,4327787,4327787,3548785.34,779001.66,39.76,01-10-2025,Partial,1627868,49,6.07,High,5788272,338398,India,Monthly
REV00058,CLT040,Spencer-Sullivan,PRJ011,Iterate 24/7 Portals,INV00058,CON056,Aug-25,06-08-2025,2701965,SGD,Deferred,Recurring,225163.75,2701965,2701965,2215611.3,486353.7,36.93,11-08-2025,Pending,922249,13,13.14,High,3348857,417506,India,Quarterly
REV00059,CLT038,Mills-Morales,PRJ018,Utilize Revolutionary Networks,INV00059,CON051,Jun-25,30-06-2025,394123,INR,Recognized,One-time,32843.58,394123,394123,323180.86,70942.14,14.74,05-07-2025,Partial,149856,88,-3.71,Low,485363,262860,UK,Annual
REV00060,CLT019,"Bautista, Wright and Baker",PRJ013,Benchmark Efficient Niches,INV00060,CON027,Apr-26,06-04-2026,2888429,USD,Recognized,One-time,240702.42,2888429,2888429,2368511.78,519917.22,46.58,11-04-2026,Pending,701810,13,4.78,High,3516341,202670,Australia,Monthly
REV00061,CLT022,Perkins Group,PRJ005,Harness Cutting-Edge Markets,INV00061,CON043,Sep-25,08-09-2025,4465707,INR,Deferred,One-time,372142.25,4465707,4465707,3661879.74,803827.26,45.87,13-09-2025,Pending,1354812,90,10.4,High,5173737,190105,Singapore,Monthly
REV00062,CLT011,"Ferguson, Kelley and Anderson",PRJ006,Engineer Impactful Deliverables,INV00062,CON054,Jun-25,23-06-2025,1438643,SGD,Recognized,Recurring,119886.92,1438643,1438643,1179687.26,258955.74,12.32,28-06-2025,Pending,45814,57,6.86,Medium,1821143,232888,UK,Quarterly
REV00063,CLT039,"Fleming, Woods and Barrera",PRJ005,Strategize Extensible E-Commerce,INV00063,CON056,Mar-26,12-03-2026,2147178,USD,Recognized,One-time,178931.5,2147178,2147178,1760685.96,386492.04,48.11,17-03-2026,Paid,672324,66,37.45,High,2611746,53786,India,Quarterly
REV00064,CLT024,Lewis-Weiss,PRJ008,Iterate Sticky Systems,INV00064,CON025,Nov-25,26-11-2025,734556,INR,Recognized,One-time,61213,734556,734556,602335.92,132220.08,18.59,01-12-2025,Pending,117722,8,4.12,Medium,793118,374710,Singapore,Quarterly
REV00065,CLT039,"Harper, Schwartz and Carey",PRJ017,Incubate Customized Applications,INV00065,CON028,Mar-26,15-03-2026,982702,INR,Deferred,Recurring,81891.83,982702,982702,805815.64,176886.36,32.47,20-03-2026,Overdue,124591,43,-7.69,Medium,1102131,334994,India,Annual
REV00066,CLT006,Carter Inc,PRJ017,Whiteboard Robust Niches,INV00066,CON024,Jul-25,11-07-2025,617735,USD,Accrued,One-time,51477.92,617735,617735,506542.7,111192.3,24,16-07-2025,Overdue,142627,69,32.18,Medium,742694,10661,India,Quarterly
REV00067,CLT012,Johnson PLC,PRJ015,Productize Strategic Initiatives,INV00067,CON045,Jun-25,03-06-2025,4064210,INR,Recognized,Recurring,338684.17,4064210,4064210,3332652.2,731557.8,11.47,08-06-2025,Overdue,382264,108,-6.91,High,5140467,494720,USA,Monthly
REV00068,CLT023,"Schwartz, Martin and Freeman",PRJ002,Enhance Cutting-Edge Web Services,INV00068,CON056,Jan-26,13-01-2026,2834386,USD,Recognized,One-time,236198.83,2834386,2834386,2324196.52,510189.48,26.57,18-01-2026,Overdue,261043,107,7.08,High,3732449,389707,USA,Annual
REV00069,CLT021,"Smith, Wilson and Perez",PRJ004,Whiteboard Seamless Infrastructures,INV00069,CON006,May-26,22-05-2026,2800791,USD,Recognized,One-time,233399.25,2800791,2800791,2296648.62,504142.38,24.22,27-05-2026,Overdue,642768,62,21.16,High,3298869,361635,UK,Annual
REV00070,CLT039,"Whitehead, Richardson and Morgan",PRJ015,Optimize One-To-One Partnerships,INV00070,CON003,Dec-25,16-12-2025,1108894,SGD,Accrued,One-time,92407.83,1108894,1108894,909293.08,199600.92,47.34,21-12-2025,Paid,123729,104,23.71,Medium,1284814,497794,Singapore,Quarterly
REV00071,CLT002,Bryan-Martin,PRJ006,Productize Turn-Key Portals,INV00071,CON032,May-26,05-05-2026,4393162,SGD,Accrued,One-time,366096.83,4393162,4393162,3602392.84,790769.16,28.69,10-05-2026,Partial,1177913,20,0.71,High,4955868,233975,USA,Monthly
REV00072,CLT035,"Gonzalez, Martinez and Simon",PRJ010,Synergize Interactive Users,INV00072,CON058,Oct-25,07-10-2025,2566218,SGD,Recognized,Recurring,213851.5,2566218,2566218,2104298.76,461919.24,8.8,12-10-2025,Pending,165156,96,27.57,High,3233603,91273,Singapore,Monthly
REV00073,CLT026,Strickland-Adams,PRJ016,Implement Magnetic E-Services,INV00073,CON034,May-26,19-05-2026,3495999,USD,Deferred,Recurring,291333.25,3495999,3495999,2866719.18,629279.82,21.27,24-05-2026,Overdue,1205653,14,-7.48,High,4003297,38883,Australia,Annual
REV00074,CLT015,"White, Villanueva and Ross",PRJ012,Target Real-Time Initiatives,INV00074,CON034,Jan-26,12-01-2026,2432769,SGD,Accrued,Recurring,202730.75,2432769,2432769,1994870.58,437898.42,6.75,17-01-2026,Partial,82690,37,-3.22,High,3252382,143891,USA,Annual
REV00075,CLT014,Thompson-Clements,PRJ019,Deploy Sticky Paradigms,INV00075,CON027,Apr-26,03-04-2026,304056,INR,Deferred,One-time,25338,304056,304056,249325.92,54730.08,25.04,08-04-2026,Overdue,116522,85,17.73,Low,377811,158384,UK,Monthly
REV00076,CLT023,Collins-Banks,PRJ013,Utilize Out-Of-The-Box Solutions,INV00076,CON009,Aug-25,05-08-2025,3158316,INR,Recognized,Recurring,263193,3158316,3158316,2589819.12,568496.88,9.52,10-08-2025,Overdue,1177867,18,4.15,High,3758212,140232,Singapore,Quarterly
REV00077,CLT033,Cox Ltd,PRJ015,Repurpose User-Centric Experiences,INV00077,CON032,Dec-25,19-12-2025,2638225,SGD,Recognized,Recurring,219852.08,2638225,2638225,2163344.5,474880.5,3,24-12-2025,Partial,48604,16,41.71,High,3170179,126211,USA,Quarterly
REV00078,CLT026,Ross-Vasquez,PRJ012,Deploy Intuitive Functionalities,INV00078,CON003,Nov-25,26-11-2025,3410322,SGD,Accrued,One-time,284193.5,3410322,3410322,2796464.04,613857.96,47.38,01-12-2025,Overdue,1195967,76,-3.32,High,4146838,38551,UK,Annual
REV00079,CLT003,"Walker, Cooper and David",PRJ002,Incubate Bleeding-Edge Action-Items,INV00079,CON003,Jan-26,15-01-2026,1199544,USD,Deferred,Recurring,99962,1199544,1199544,983626.08,215917.92,13.18,20-01-2026,Partial,174609,107,13.42,Medium,1423974,317855,Australia,Quarterly
REV00080,CLT022,Garcia-Pham,PRJ004,Utilize Plug-And-Play Bandwidth,INV00080,CON027,Nov-25,10-11-2025,4946448,USD,Accrued,Recurring,412204,4946448,4946448,4056087.36,890360.64,35.31,15-11-2025,Overdue,1670915,120,28.52,High,6214782,13970,Australia,Annual
REV00081,CLT002,White PLC,PRJ015,Integrate 24/365 Networks,INV00081,CON021,Mar-26,14-03-2026,3562983,SGD,Accrued,Recurring,296915.25,3562983,3562983,2921646.06,641336.94,40.35,19-03-2026,Overdue,866040,93,-2.77,High,4277524,320590,India,Annual
REV00082,CLT017,Sanchez and Sons,PRJ020,Grow Dot-Com E-Commerce,INV00082,CON031,Nov-25,23-11-2025,1662828,SGD,Accrued,One-time,138569,1662828,1662828,1363518.96,299309.04,32.26,28-11-2025,Pending,292559,76,2.91,Medium,2215627,156035,Singapore,Quarterly
REV00083,CLT003,Johnson and Sons,PRJ010,Benchmark 24/365 Deliverables,INV00083,CON046,Oct-25,27-10-2025,712946,SGD,Recognized,Recurring,59412.17,712946,712946,584615.72,128330.28,20.16,01-11-2025,Pending,231932,88,0.39,Medium,851060,105941,USA,Annual
REV00084,CLT031,Shepard Ltd,PRJ004,Revolutionize B2C Models,INV00084,CON044,Jul-25,06-07-2025,1203157,USD,Deferred,One-time,100263.08,1203157,1203157,986588.74,216568.26,50.94,11-07-2025,Overdue,288543,25,9.41,Medium,1600811,460534,Singapore,Quarterly
REV00085,CLT032,Rogers and Sons,PRJ006,Reinvent Magnetic E-Business,INV00085,CON060,Sep-25,11-09-2025,2478224,USD,Accrued,One-time,206518.67,2478224,2478224,2032143.68,446080.32,5.98,16-09-2025,Pending,39286,6,2.9,High,3050284,486777,UK,Monthly
REV00086,CLT022,Johnson Inc,PRJ010,Visualize B2B Supply-Chains,INV00086,CON037,Mar-26,07-03-2026,1670354,INR,Accrued,Recurring,139196.17,1670354,1670354,1369690.28,300663.72,37.78,12-03-2026,Pending,640632,114,23.32,Medium,1957065,224239,UK,Monthly
REV00087,CLT037,Mitchell-Nelson,PRJ001,Cultivate Killer Markets,INV00087,CON017,Nov-25,25-11-2025,3066141,SGD,Accrued,One-time,255511.75,3066141,3066141,2514235.62,551905.38,31.51,30-11-2025,Pending,130284,90,-7.91,High,3501661,212555,India,Quarterly
REV00088,CLT014,Gutierrez-Roman,PRJ008,Whiteboard Mission-Critical Partnerships,INV00088,CON044,Mar-26,25-03-2026,736777,INR,Accrued,Recurring,61398.08,736777,736777,604157.14,132619.86,5.62,30-03-2026,Paid,234224,72,27.23,Medium,790879,295786,Australia,Annual
REV00089,CLT006,"Schroeder, Camacho and Summers",PRJ017,Innovate Turn-Key Markets,INV00089,CON029,Nov-25,07-11-2025,516706,SGD,Accrued,Recurring,43058.83,516706,516706,423698.92,93007.08,23.17,12-11-2025,Overdue,34588,70,9.93,Medium,629954,292970,USA,Quarterly
REV00090,CLT005,Bell LLC,PRJ016,Matrix Bricks-And-Clicks Partnerships,INV00090,CON003,Oct-25,03-10-2025,2458291,USD,Deferred,One-time,204857.58,2458291,2458291,2015798.62,442492.38,29.95,08-10-2025,Overdue,188724,103,-6.87,High,3054322,382357,UK,Quarterly
REV00091,CLT015,Peterson PLC,PRJ001,Synergize Frictionless Users,INV00091,CON049,Apr-26,23-04-2026,240717,INR,Deferred,Recurring,20059.75,240717,240717,197387.94,43329.06,31.41,28-04-2026,Partial,60686,91,28.15,Low,283381,198850,UK,Quarterly
REV00092,CLT039,Jones PLC,PRJ002,Brand Innovative Paradigms,INV00092,CON016,Dec-25,02-12-2025,421084,INR,Deferred,Recurring,35090.33,421084,421084,345288.88,75795.12,20.68,07-12-2025,Paid,115071,34,17.39,Low,537436,406880,Australia,Annual
REV00093,CLT018,"Rodriguez, Lewis and Ali",PRJ002,Target Cross-Platform Methodologies,INV00093,CON036,Sep-25,15-09-2025,1519123,SGD,Accrued,One-time,126593.58,1519123,1519123,1245680.86,273442.14,15.26,20-09-2025,Overdue,582851,68,-12.19,Medium,1752041,337282,USA,Quarterly
REV00094,CLT030,"Young, Russo and Green",PRJ002,Matrix Interactive Bandwidth,INV00094,CON036,Jun-25,06-06-2025,3511789,SGD,Deferred,One-time,292649.08,3511789,3511789,2879666.98,632122.02,20.89,11-06-2025,Pending,1168715,72,-6.95,High,3943238,106607,India,Monthly
REV00095,CLT031,Lee-Herrera,PRJ007,Synergize 24/7 Networks,INV00095,CON056,Mar-26,30-03-2026,2843107,INR,Accrued,Recurring,236925.58,2843107,2843107,2331347.74,511759.26,23.95,04-04-2026,Overdue,32157,32,41.23,High,3805849,61507,Australia,Quarterly
REV00096,CLT007,"Hartman, Thompson and Hughes",PRJ016,E-Enable Magnetic E-Business,INV00096,CON049,Oct-25,06-10-2025,2736311,INR,Accrued,One-time,228025.92,2736311,2736311,2243775.02,492535.98,32.23,11-10-2025,Partial,777424,45,9.84,High,3334899,116011,USA,Quarterly
REV00097,CLT032,Lucas-Charles,PRJ016,Re-Intermediate Plug-And-Play Convergence,INV00097,CON030,May-25,25-05-2025,1461246,SGD,Recognized,Recurring,121770.5,1461246,1461246,1198221.72,263024.28,20.4,30-05-2025,Paid,177487,22,28.22,Medium,1748373,480719,India,Monthly
REV00098,CLT040,Leonard Inc,PRJ020,Re-Contextualize Wireless E-Services,INV00098,CON059,Feb-26,08-02-2026,4103410,SGD,Accrued,One-time,341950.83,4103410,4103410,3364796.2,738613.8,10.13,13-02-2026,Paid,1023104,7,-14.6,High,4987666,6213,USA,Monthly
REV00099,CLT034,Shannon PLC,PRJ009,Whiteboard Efficient Architectures,INV00099,CON053,Jul-25,04-07-2025,3023267,SGD,Deferred,Recurring,251938.92,3023267,3023267,2479078.94,544188.06,28.61,09-07-2025,Partial,832352,15,7.38,High,3542689,296223,Singapore,Annual
REV00100,CLT028,Chan Inc,PRJ011,Evolve 24/365 Supply-Chains,INV00100,CON037,Dec-25,05-12-2025,849953,USD,Recognized,One-time,70829.42,849953,849953,696961.46,152991.54,11.49,10-12-2025,Overdue,22309,34,-2.31,Medium,1113808,465334,India,Annual
REV00101,CLT026,Mcmillan-Anderson,PRJ003,Exploit Proactive Architectures,INV00101,CON020,Feb-26,22-02-2026,1412731,SGD,Accrued,One-time,117727.58,1412731,1412731,1158439.42,254291.58,29.45,27-02-2026,Partial,408060,91,38.79,Medium,1623961,396156,India,Monthly
REV00102,CLT015,Baker PLC,PRJ012,Integrate Innovative Communities,INV00102,CON036,Mar-26,03-03-2026,3199309,INR,Recognized,One-time,266609.08,3199309,3199309,2623433.38,575875.62,16.7,08-03-2026,Pending,389520,92,20.15,High,3724065,404838,India,Monthly
REV00103,CLT018,Drake-Hendricks,PRJ004,Redefine Vertical Web Services,INV00103,CON009,Sep-25,26-09-2025,782302,INR,Accrued,Recurring,65191.83,782302,782302,641487.64,140814.36,35.9,01-10-2025,Paid,225957,62,18.42,Medium,941682,54155,USA,Annual
REV00104,CLT034,"Johnson, Smith and Newman",PRJ006,Iterate One-To-One Relationships,INV00104,CON044,Aug-25,19-08-2025,3243811,USD,Deferred,One-time,270317.58,3243811,3243811,2659925.02,583885.98,37.86,24-08-2025,Partial,291168,39,3.07,High,3885881,33170,USA,Quarterly
REV00105,CLT026,Williams PLC,PRJ011,Syndicate Killer E-Tailers,INV00105,CON054,May-26,21-05-2026,3236747,USD,Accrued,Recurring,269728.92,3236747,3236747,2654132.54,582614.46,25.18,26-05-2026,Partial,923214,47,10.84,High,4198256,341330,USA,Quarterly
REV00106,CLT008,"Allen, Johnson and Chandler",PRJ019,Enable User-Centric Action-Items,INV00106,CON013,Dec-25,20-12-2025,4627068,USD,Accrued,Recurring,385589,4627068,4627068,3794195.76,832872.24,41.27,25-12-2025,Partial,1429655,103,18.01,High,6181306,242022,USA,Quarterly
REV00107,CLT026,"Smith, Hood and Jones",PRJ018,Incentivize Global E-Business,INV00107,CON033,Jun-25,10-06-2025,3558960,INR,Accrued,One-time,296580,3558960,3558960,2918347.2,640612.8,12.15,15-06-2025,Paid,77102,106,43.11,High,4486034,425877,Singapore,Monthly
REV00108,CLT034,Melendez Inc,PRJ018,Integrate Bleeding-Edge Mindshare,INV00108,CON038,Sep-25,25-09-2025,4875424,USD,Deferred,Recurring,406285.33,4875424,4875424,3997847.68,877576.32,39.62,30-09-2025,Partial,934865,52,8.47,High,6248843,308590,India,Quarterly
REV00109,CLT029,"Valenzuela, Blackwell and Gonzalez",PRJ015,Unleash Holistic Partnerships,INV00109,CON021,Jul-25,27-07-2025,613499,SGD,Accrued,Recurring,51124.92,613499,613499,503069.18,110429.82,35.57,01-08-2025,Paid,11713,108,27.65,Medium,648330,179871,Singapore,Annual
REV00110,CLT012,"Brown, Spears and Sanchez",PRJ014,Architect 24/365 Solutions,INV00110,CON026,Mar-26,22-03-2026,294882,SGD,Recognized,One-time,24573.5,294882,294882,241803.24,53078.76,11.25,27-03-2026,Paid,80492,118,-3.16,Low,362015,203861,Singapore,Annual
REV00111,CLT032,"Jones, Cummings and Butler",PRJ017,Reinvent Dynamic Web-Readiness,INV00111,CON041,Jul-25,14-07-2025,2679024,SGD,Accrued,Recurring,223252,2679024,2679024,2196799.68,482224.32,14.12,19-07-2025,Partial,823224,80,-8.15,High,3095868,240050,USA,Annual
REV00112,CLT037,Mason Group,PRJ013,Engage End-To-End Action-Items,INV00112,CON028,Oct-25,16-10-2025,1608214,USD,Recognized,Recurring,134017.83,1608214,1608214,1318735.48,289478.52,12.52,21-10-2025,Partial,563483,93,40.15,Medium,2137651,90824,USA,Quarterly
REV00113,CLT027,"Terry, Hubbard and Gray",PRJ016,Architect Sticky Deliverables,INV00113,CON027,Mar-26,27-03-2026,3773298,INR,Recognized,One-time,314441.5,3773298,3773298,3094104.36,679193.64,18.1,01-04-2026,Pending,350755,15,18.92,High,4862891,115620,USA,Monthly
REV00114,CLT003,"Freeman, Norton and Glass",PRJ015,Redefine Scalable Markets,INV00114,CON035,Sep-25,19-09-2025,1883262,USD,Deferred,Recurring,156938.5,1883262,1883262,1544274.84,338987.16,22.35,24-09-2025,Paid,107391,99,34.8,Medium,2401919,156085,USA,Quarterly
REV00115,CLT023,Madden and Sons,PRJ018,Envisioneer Turn-Key Technologies,INV00115,CON018,Jan-26,14-01-2026,4569518,INR,Recognized,One-time,380793.17,4569518,4569518,3747004.76,822513.24,41.8,19-01-2026,Paid,678750,95,2.56,High,5583131,499330,UK,Annual
REV00116,CLT018,"Jensen, Cox and Campbell",PRJ014,Monetize Customized Functionalities,INV00116,CON025,Nov-25,20-11-2025,3841581,SGD,Deferred,One-time,320131.75,3841581,3841581,3150096.42,691484.58,46.19,25-11-2025,Pending,1328813,106,37.81,High,4140949,270329,USA,Quarterly
REV00117,CLT014,Hawkins-Smith,PRJ016,Repurpose Plug-And-Play Initiatives,INV00117,CON018,Jun-25,18-06-2025,2758389,SGD,Recognized,Recurring,229865.75,2758389,2758389,2261878.98,496510.02,24.93,23-06-2025,Pending,708323,75,19.68,High,3364800,254456,India,Annual
REV00118,CLT018,Mccann LLC,PRJ003,Deliver 24/7 Action-Items,INV00118,CON042,Jun-25,01-06-2025,3073551,SGD,Accrued,Recurring,256129.25,3073551,3073551,2520311.82,553239.18,30.38,06-06-2025,Overdue,172848,52,24.87,High,3825567,27151,USA,Quarterly
REV00119,CLT001,Casey-Watson,PRJ011,Redefine Revolutionary Web-Readiness,INV00119,CON053,May-25,25-05-2025,1061613,INR,Deferred,One-time,88467.75,1061613,1061613,870522.66,191090.34,25.78,30-05-2025,Paid,363872,21,13.66,Medium,1187609,46835,USA,Monthly
REV00120,CLT010,Valencia Ltd,PRJ014,Scale Proactive Web Services,INV00120,CON040,Aug-25,28-08-2025,3760984,USD,Deferred,Recurring,313415.33,3760984,3760984,3084006.88,676977.12,36.45,02-09-2025,Overdue,181797,119,-8.97,High,4798014,309106,UK,Monthly
REV00121,CLT026,Lewis PLC,PRJ010,Empower Compelling Initiatives,INV00121,CON042,Jan-26,26-01-2026,507759,SGD,Deferred,One-time,42313.25,507759,507759,416362.38,91396.62,36.15,31-01-2026,Paid,129731,54,-8.24,Medium,609247,311390,India,Monthly
REV00122,CLT017,"Young, Larsen and Wilson",PRJ007,Enhance B2B Paradigms,INV00122,CON003,Jan-26,16-01-2026,557249,USD,Recognized,Recurring,46437.42,557249,557249,456944.18,100304.82,5.94,21-01-2026,Overdue,104326,69,2.19,Medium,704245,402186,UK,Quarterly
REV00123,CLT005,Cole Inc,PRJ010,Reinvent Value-Added Vortals,INV00123,CON045,Feb-26,18-02-2026,3719898,USD,Recognized,Recurring,309991.5,3719898,3719898,3050316.36,669581.64,34.81,23-02-2026,Paid,121437,36,-9.83,High,4390763,237697,Singapore,Annual
REV00124,CLT011,"Nelson, Pruitt and Schaefer",PRJ012,Maximize E-Business Systems,INV00124,CON009,Dec-25,22-12-2025,2304559,SGD,Deferred,Recurring,192046.58,2304559,2304559,1889738.38,414820.62,10.55,27-12-2025,Pending,123791,103,38.99,High,2651402,225089,India,Quarterly
REV00125,CLT008,"Gonzalez, Snow and Paul",PRJ008,Leverage Efficient E-Tailers,INV00125,CON048,May-25,29-05-2025,4318332,USD,Recognized,Recurring,359861,4318332,4318332,3541032.24,777299.76,51.07,03-06-2025,Pending,92354,114,36.78,High,4851064,247340,Singapore,Annual
REV00126,CLT004,Jones Ltd,PRJ006,Embrace Front-End Relationships,INV00126,CON015,Apr-26,26-04-2026,4376626,USD,Accrued,One-time,364718.83,4376626,4376626,3588833.32,787792.68,48.54,01-05-2026,Pending,840800,13,37.62,High,5732547,405551,India,Monthly
REV00127,CLT035,"Harrison, Mcgee and Lopez",PRJ008,Matrix Next-Generation E-Business,INV00127,CON010,Jul-25,12-07-2025,103501,USD,Accrued,One-time,8625.08,103501,103501,84870.82,18630.18,19.56,17-07-2025,Paid,1566,34,17.49,Low,128422,363573,India,Annual
REV00128,CLT015,"Sutton, Hernandez and Mejia",PRJ017,Empower Next-Generation Technologies,INV00128,CON027,Jan-26,13-01-2026,3174689,INR,Accrued,Recurring,264557.42,3174689,3174689,2603244.98,571444.02,14.29,18-01-2026,Overdue,178053,79,-9.27,High,3460582,429896,Australia,Quarterly
REV00129,CLT013,"Abbott, Wilson and Torres",PRJ005,Morph Cutting-Edge E-Markets,INV00129,CON050,Jul-25,20-07-2025,4954886,SGD,Recognized,One-time,412907.17,4954886,4954886,4063006.52,891879.48,45.59,25-07-2025,Paid,325919,18,-5.14,High,5895405,213129,USA,Quarterly
REV00130,CLT006,Fields Inc,PRJ008,Synergize Wireless Eyeballs,INV00130,CON023,May-26,19-05-2026,3373939,USD,Accrued,Recurring,281161.58,3373939,3373939,2766629.98,607309.02,12.3,24-05-2026,Paid,102656,91,2.93,High,4372715,91156,UK,Monthly
REV00131,CLT006,Wright-Leon,PRJ019,Implement Revolutionary Models,INV00131,CON038,Oct-25,11-10-2025,2221144,INR,Deferred,Recurring,185095.33,2221144,2221144,1821338.08,399805.92,4.43,16-10-2025,Overdue,78629,7,44.83,High,2463970,338683,India,Monthly
REV00132,CLT014,"Johnson, Cook and Gilmore",PRJ006,Evolve Granular E-Business,INV00132,CON018,Sep-25,25-09-2025,2397590,USD,Accrued,One-time,199799.17,2397590,2397590,1966023.8,431566.2,27.43,30-09-2025,Pending,926336,24,-12.92,High,2962828,128862,UK,Monthly
REV00133,CLT031,"Smith, Swanson and Lam",PRJ018,Mesh Extensible Infrastructures,INV00133,CON051,Jul-25,09-07-2025,4115786,SGD,Recognized,One-time,342982.17,4115786,4115786,3374944.52,740841.48,29.84,14-07-2025,Pending,1186256,69,4.3,High,4655491,13664,Singapore,Monthly
REV00134,CLT015,"Taylor, Leonard and Weiss",PRJ019,Unleash Dot-Com Functionalities,INV00134,CON055,Sep-25,08-09-2025,3308324,SGD,Accrued,One-time,275693.67,3308324,3308324,2712825.68,595498.32,23.79,13-09-2025,Pending,364300,27,-0.81,High,3789358,386979,India,Annual
REV00135,CLT039,Williams and Sons,PRJ008,Drive Rich Functionalities,INV00135,CON002,Oct-25,21-10-2025,4466170,SGD,Deferred,Recurring,372180.83,4466170,4466170,3662259.4,803910.6,23.85,26-10-2025,Pending,1433,47,40.07,High,4959410,68414,Singapore,Monthly
REV00136,CLT007,Pollard-Taylor,PRJ011,Generate Bricks-And-Clicks Platforms,INV00136,CON020,May-25,25-05-2025,2756191,INR,Accrued,One-time,229682.58,2756191,2756191,2260076.62,496114.38,38.56,30-05-2025,Pending,330309,98,41.92,High,3548741,255433,Australia,Monthly
REV00137,CLT037,Taylor-Jenkins,PRJ002,Morph Cutting-Edge Applications,INV00137,CON012,Aug-25,29-08-2025,2719396,USD,Accrued,Recurring,226616.33,2719396,2719396,2229904.72,489491.28,30.45,03-09-2025,Pending,218334,68,-6.56,High,3463430,124778,Singapore,Annual
REV00138,CLT029,Martin Inc,PRJ014,Synthesize Dot-Com Networks,INV00138,CON011,Jul-25,29-07-2025,3523044,INR,Recognized,Recurring,293587,3523044,3523044,2888896.08,634147.92,15.42,03-08-2025,Partial,794217,49,17.76,High,3806397,251390,UK,Quarterly
REV00139,CLT039,"Hansen, Miller and Romero",PRJ020,Re-Contextualize Plug-And-Play Models,INV00139,CON058,Sep-25,29-09-2025,4099489,INR,Recognized,One-time,341624.08,4099489,4099489,3361580.98,737908.02,7.27,04-10-2025,Overdue,64997,60,41.55,High,4507384,466486,India,Monthly
REV00140,CLT032,Mathews-Williams,PRJ005,Maximize Front-End Technologies,INV00140,CON004,Nov-25,22-11-2025,3076852,INR,Recognized,Recurring,256404.33,3076852,3076852,2523018.64,553833.36,50.9,27-11-2025,Overdue,896754,16,2.67,High,3841776,314685,India,Monthly
REV00141,CLT025,Jones Inc,PRJ006,Seize Customized Web-Readiness,INV00141,CON024,Aug-25,31-08-2025,3249794,USD,Recognized,Recurring,270816.17,3249794,3249794,2664831.08,584962.92,22.15,05-09-2025,Partial,391292,62,-12.32,High,3841003,138097,Australia,Annual
REV00142,CLT035,Le-Jordan,PRJ016,Strategize Out-Of-The-Box E-Business,INV00142,CON037,Jun-25,06-06-2025,2026708,INR,Recognized,Recurring,168892.33,2026708,2026708,1661900.56,364807.44,21.17,11-06-2025,Partial,313369,15,8.69,High,2647249,18207,UK,Monthly
REV00143,CLT005,Williams PLC,PRJ003,Synergize Efficient Methodologies,INV00143,CON025,Sep-25,24-09-2025,4717121,SGD,Accrued,One-time,393093.42,4717121,4717121,3868039.22,849081.78,29.68,29-09-2025,Paid,1157741,46,36.4,High,5688406,480856,Australia,Monthly
REV00144,CLT032,Wilson Group,PRJ019,Redefine Extensible Methodologies,INV00144,CON039,Sep-25,23-09-2025,4018202,INR,Deferred,Recurring,334850.17,4018202,4018202,3294925.64,723276.36,48.83,28-09-2025,Overdue,361129,40,9.18,High,4964381,356942,UK,Monthly
REV00145,CLT015,Robinson and Sons,PRJ005,Implement Value-Added Niches,INV00145,CON020,Jun-25,07-06-2025,3767081,INR,Accrued,One-time,313923.42,3767081,3767081,3089006.42,678074.58,29.44,12-06-2025,Overdue,565014,98,10.01,High,4684992,98532,UK,Annual
REV00146,CLT013,Fuller Inc,PRJ002,Seize End-To-End Deliverables,INV00146,CON016,Nov-25,11-11-2025,327420,SGD,Accrued,Recurring,27285,327420,327420,268484.4,58935.6,28.94,16-11-2025,Overdue,6626,51,27.28,Low,370702,431754,UK,Annual
REV00147,CLT017,Hurley Inc,PRJ003,Exploit Bricks-And-Clicks E-Commerce,INV00147,CON019,Jan-26,03-01-2026,280271,SGD,Accrued,Recurring,23355.92,280271,280271,229822.22,50448.78,29.17,08-01-2026,Partial,6507,25,36.23,Low,359853,112364,Singapore,Quarterly
REV00148,CLT020,Cooper Ltd,PRJ009,Redefine Impactful E-Services,INV00148,CON028,Feb-26,05-02-2026,3208104,SGD,Recognized,One-time,267342,3208104,3208104,2630645.28,577458.72,23.42,10-02-2026,Overdue,962588,37,-1.91,High,3659303,272964,India,Annual
REV00149,CLT020,Mcneil-Sullivan,PRJ007,Seize Synergistic Technologies,INV00149,CON010,Jan-26,27-01-2026,4389373,SGD,Accrued,Recurring,365781.08,4389373,4389373,3599285.86,790087.14,6.62,01-02-2026,Overdue,503949,120,-11.59,High,5737764,424688,USA,Annual
REV00150,CLT013,Clark LLC,PRJ011,Transition Ubiquitous Niches,INV00150,CON047,Mar-26,15-03-2026,1915317,SGD,Recognized,Recurring,159609.75,1915317,1915317,1570559.94,344757.06,5.4,20-03-2026,Pending,560605,86,32.09,Medium,2531968,352252,USA,Quarterly
REV00151,CLT020,Francis Group,PRJ014,Incubate B2C Communities,INV00151,CON051,Sep-25,20-09-2025,2829289,SGD,Accrued,Recurring,235774.08,2829289,2829289,2320016.98,509272.02,17.62,25-09-2025,Paid,546432,79,2.64,High,3693252,246696,Australia,Quarterly
REV00152,CLT022,Drake Inc,PRJ014,Morph Killer E-Markets,INV00152,CON037,Aug-25,16-08-2025,3888387,SGD,Deferred,Recurring,324032.25,3888387,3888387,3188477.34,699909.66,41.8,21-08-2025,Pending,663504,115,27.94,High,4991453,255632,Singapore,Monthly
REV00153,CLT026,"Torres, Mcdonald and Zamora",PRJ014,Strategize Mission-Critical Portals,INV00153,CON031,Dec-25,18-12-2025,3265491,SGD,Recognized,Recurring,272124.25,3265491,3265491,2677702.62,587788.38,50.85,23-12-2025,Pending,79115,73,-3.04,High,3794273,7380,Singapore,Annual
REV00154,CLT003,"Gonzalez, Howard and Brandt",PRJ010,Whiteboard Scalable Systems,INV00154,CON019,Apr-26,09-04-2026,3874587,USD,Deferred,Recurring,322882.25,3874587,3874587,3177161.34,697425.66,3.18,14-04-2026,Partial,1091123,81,16.45,High,4572398,360070,UK,Monthly
REV00155,CLT003,Jones Group,PRJ013,Utilize Bricks-And-Clicks Interfaces,INV00155,CON057,Jul-25,12-07-2025,2195715,SGD,Recognized,Recurring,182976.25,2195715,2195715,1800486.3,395228.7,6.3,17-07-2025,Paid,560708,84,-12.08,High,2960711,347062,India,Quarterly
REV00156,CLT027,"Jimenez, Alvarez and Johnson",PRJ004,Aggregate Magnetic Roi,INV00156,CON043,May-26,07-05-2026,4414670,SGD,Recognized,One-time,367889.17,4414670,4414670,3620029.4,794640.6,35.58,12-05-2026,Paid,1306101,82,27.04,High,5190096,471136,Australia,Monthly
REV00157,CLT036,"Parker, Graham and Black",PRJ016,Transition B2C Interfaces,INV00157,CON059,May-26,22-05-2026,1792263,SGD,Recognized,Recurring,149355.25,1792263,1792263,1469655.66,322607.34,16.92,27-05-2026,Paid,346663,35,-14.84,Medium,2242999,475466,UK,Annual
REV00158,CLT003,Hernandez PLC,PRJ010,Syndicate Efficient Deliverables,INV00158,CON024,Oct-25,14-10-2025,2673177,SGD,Deferred,One-time,222764.75,2673177,2673177,2192005.14,481171.86,10.46,19-10-2025,Partial,243062,17,36.07,High,3520808,5071,Singapore,Quarterly
REV00159,CLT025,Johnson-Wilson,PRJ016,Productize Frictionless Portals,INV00159,CON052,Feb-26,22-02-2026,3587810,INR,Accrued,One-time,298984.17,3587810,3587810,2942004.2,645805.8,4.97,27-02-2026,Partial,349760,19,-7.05,High,4549068,494124,UK,Annual
REV00160,CLT005,Ramos-Smith,PRJ009,Syndicate Sticky Channels,INV00160,CON042,Oct-25,03-10-2025,2686018,USD,Deferred,One-time,223834.83,2686018,2686018,2202534.76,483483.24,50.04,08-10-2025,Paid,469730,90,37.39,High,3238612,360836,Singapore,Annual
REV00161,CLT032,"Cameron, Long and Guzman",PRJ011,Visualize Best-Of-Breed Niches,INV00161,CON016,Jun-25,14-06-2025,2825747,INR,Deferred,One-time,235478.92,2825747,2825747,2317112.54,508634.46,26.04,19-06-2025,Partial,105593,69,-1.64,High,3512389,211433,UK,Monthly
REV00162,CLT006,"Rodriguez, Chan and Torres",PRJ020,Unleash Distributed E-Tailers,INV00162,CON040,Jul-25,04-07-2025,2605152,USD,Recognized,One-time,217096,2605152,2605152,2136224.64,468927.36,7.53,09-07-2025,Pending,533030,76,-2.59,High,3260197,498259,India,Quarterly
REV00163,CLT022,"Smith, Romero and Koch",PRJ012,Synergize Innovative Models,INV00163,CON054,Nov-25,27-11-2025,2499335,INR,Recognized,One-time,208277.92,2499335,2499335,2049454.7,449880.3,23.2,02-12-2025,Overdue,547341,52,27.13,High,2658626,86064,UK,Annual
REV00164,CLT008,Fox-Diaz,PRJ015,Engage Web-Enabled Schemas,INV00164,CON030,Nov-25,20-11-2025,4993542,SGD,Accrued,Recurring,416128.5,4993542,4993542,4094704.44,898837.56,25.4,25-11-2025,Overdue,282352,68,-14.74,High,6346113,290049,UK,Annual
REV00165,CLT026,"Wilkinson, Baker and Ellis",PRJ011,Mesh Efficient Applications,INV00165,CON019,Apr-26,22-04-2026,3848745,SGD,Deferred,Recurring,320728.75,3848745,3848745,3155970.9,692774.1,42.36,27-04-2026,Pending,289784,57,21.15,High,5064683,268589,Australia,Monthly
REV00166,CLT008,Rodgers PLC,PRJ012,Cultivate Plug-And-Play Convergence,INV00166,CON036,Jul-25,25-07-2025,4079634,USD,Accrued,Recurring,339969.5,4079634,4079634,3345299.88,734334.12,14.68,30-07-2025,Pending,1196715,90,27.61,High,5108815,468643,India,Monthly
REV00167,CLT019,Jones-Love,PRJ007,Architect Leading-Edge E-Business,INV00167,CON049,Aug-25,03-08-2025,4589680,SGD,Deferred,Recurring,382473.33,4589680,4589680,3763537.6,826142.4,49.42,08-08-2025,Partial,752211,109,12.16,High,5667486,354170,Australia,Annual
REV00168,CLT013,Franco-Lewis,PRJ020,Morph Web-Enabled Eyeballs,INV00168,CON056,Jul-25,12-07-2025,3766688,SGD,Deferred,One-time,313890.67,3766688,3766688,3088684.16,678003.84,35.91,17-07-2025,Partial,1329150,95,27.57,High,4370572,308483,Singapore,Monthly
REV00169,CLT017,Herrera and Sons,PRJ001,Re-Contextualize Dot-Com Convergence,INV00169,CON022,Dec-25,29-12-2025,3961870,USD,Accrued,One-time,330155.83,3961870,3961870,3248733.4,713136.6,5.41,03-01-2026,Pending,324651,10,-5.78,High,4543428,26662,Australia,Monthly
REV00170,CLT015,Nelson-Thomas,PRJ007,Matrix 24/7 Methodologies,INV00170,CON043,Nov-25,13-11-2025,2834040,SGD,Recognized,One-time,236170,2834040,2834040,2323912.8,510127.2,21.34,18-11-2025,Overdue,756647,42,-1.89,High,3615658,278134,India,Quarterly
REV00171,CLT002,Porter Inc,PRJ017,Synthesize Viral E-Commerce,INV00171,CON053,Aug-25,05-08-2025,3195376,USD,Recognized,Recurring,266281.33,3195376,3195376,2620208.32,575167.68,10.06,10-08-2025,Partial,1066895,62,14.21,High,3639310,341588,Australia,Monthly
REV00172,CLT028,Trevino LLC,PRJ003,Scale One-To-One Networks,INV00172,CON048,Mar-26,22-03-2026,1339786,USD,Recognized,Recurring,111648.83,1339786,1339786,1098624.52,241161.48,48.95,27-03-2026,Partial,481532,96,4.9,Medium,1441953,28452,Australia,Quarterly
REV00173,CLT005,"Davis, Bailey and Cook",PRJ019,Maximize Impactful Functionalities,INV00173,CON003,Sep-25,13-09-2025,658924,USD,Deferred,Recurring,54910.33,658924,658924,540317.68,118606.32,16.51,18-09-2025,Pending,55645,42,32.21,Medium,751440,45353,UK,Quarterly
REV00174,CLT024,Patel-Esparza,PRJ001,Harness Bleeding-Edge Info-Mediaries,INV00174,CON036,Apr-26,08-04-2026,4706262,USD,Accrued,One-time,392188.5,4706262,4706262,3859134.84,847127.16,43.54,13-04-2026,Paid,258442,10,-14.7,High,5783979,281622,Singapore,Monthly
REV00175,CLT012,"Clark, Warren and Mcdaniel",PRJ019,Empower Collaborative Applications,INV00175,CON055,Jan-26,04-01-2026,506242,USD,Recognized,One-time,42186.83,506242,506242,415118.44,91123.56,3.79,09-01-2026,Paid,143878,64,23.68,Medium,542662,352156,India,Quarterly
REV00176,CLT040,Nelson-Reynolds,PRJ010,Mesh B2B Portals,INV00176,CON045,Aug-25,28-08-2025,4950372,INR,Recognized,Recurring,412531,4950372,4950372,4059305.04,891066.96,43.35,02-09-2025,Partial,1186048,77,6.87,High,5667680,224556,USA,Annual
REV00177,CLT036,Morrison PLC,PRJ004,Re-Contextualize Value-Added Methodologies,INV00177,CON012,Dec-25,07-12-2025,737645,SGD,Recognized,Recurring,61470.42,737645,737645,604868.9,132776.1,26.9,12-12-2025,Paid,73401,119,17.32,Medium,832779,464695,India,Annual
REV00178,CLT026,"Harrington, Kelley and Smith",PRJ008,Transition Holistic E-Services,INV00178,CON058,Feb-26,01-02-2026,4995929,USD,Recognized,Recurring,416327.42,4995929,4995929,4096661.78,899267.22,13.68,06-02-2026,Overdue,1797603,42,-6.97,High,5996798,47476,Australia,Annual
REV00179,CLT005,Thornton Ltd,PRJ009,Visualize Transparent Infrastructures,INV00179,CON024,Mar-26,24-03-2026,2013090,USD,Recognized,One-time,167757.5,2013090,2013090,1650733.8,362356.2,48.5,29-03-2026,Overdue,701062,31,16.07,High,2591728,203472,India,Monthly
REV00180,CLT017,Snow-Anderson,PRJ013,Optimize Plug-And-Play Synergies,INV00180,CON059,Aug-25,18-08-2025,1919814,SGD,Accrued,Recurring,159984.5,1919814,1919814,1574247.48,345566.52,16.83,23-08-2025,Overdue,425556,50,34.03,Medium,2214524,415580,India,Quarterly
REV00181,CLT015,Harrison-Gill,PRJ014,Leverage Dynamic Markets,INV00181,CON052,Jun-25,28-06-2025,2820126,INR,Recognized,Recurring,235010.5,2820126,2820126,2312503.32,507622.68,40.94,03-07-2025,Overdue,1009813,91,13.73,High,3139395,84539,Singapore,Annual
REV00182,CLT037,Miller-Mitchell,PRJ001,Transform Intuitive Architectures,INV00182,CON057,Feb-26,09-02-2026,2427789,INR,Accrued,Recurring,202315.75,2427789,2427789,1990786.98,437002.02,46.7,14-02-2026,Partial,227114,62,21.39,High,2892526,252532,UK,Annual
REV00183,CLT009,"Charles, Gardner and Gonzalez",PRJ004,Seize Seamless Initiatives,INV00183,CON002,May-26,16-05-2026,1747422,USD,Accrued,Recurring,145618.5,1747422,1747422,1432886.04,314535.96,12.97,21-05-2026,Partial,528859,92,10.19,Medium,1913197,50488,Australia,Annual
REV00184,CLT034,Heath-Larsen,PRJ014,Scale Bricks-And-Clicks Systems,INV00184,CON015,Oct-25,24-10-2025,4094344,USD,Deferred,One-time,341195.33,4094344,4094344,3357362.08,736981.92,3.21,29-10-2025,Paid,799510,49,20.34,High,5209717,399265,Singapore,Monthly
REV00185,CLT034,Gilbert-Evans,PRJ004,Streamline Proactive Initiatives,INV00185,CON034,Feb-26,17-02-2026,110348,INR,Accrued,One-time,9195.67,110348,110348,90485.36,19862.64,24.06,22-02-2026,Paid,42896,31,26.27,Low,126323,189933,UK,Quarterly
REV00186,CLT012,Stewart and Sons,PRJ012,Mesh End-To-End Systems,INV00186,CON036,Jan-26,18-01-2026,4704933,SGD,Accrued,Recurring,392077.75,4704933,4704933,3858045.06,846887.94,24.92,23-01-2026,Partial,532210,44,19.66,High,6032939,208734,India,Quarterly
REV00187,CLT010,Reilly-Russo,PRJ016,Integrate Dynamic Eyeballs,INV00187,CON060,Dec-25,14-12-2025,3702210,USD,Accrued,One-time,308517.5,3702210,3702210,3035812.2,666397.8,45.13,19-12-2025,Overdue,134386,38,-1.69,High,3976217,19794,Australia,Annual
REV00188,CLT015,Freeman LLC,PRJ020,Iterate Scalable Vortals,INV00188,CON011,Jun-25,22-06-2025,352502,USD,Deferred,Recurring,29375.17,352502,352502,289051.64,63450.36,18.59,27-06-2025,Overdue,62719,88,-14.98,Low,386776,144670,UK,Annual
REV00189,CLT026,"Schwartz, Hall and Phelps",PRJ019,Syndicate Mission-Critical Action-Items,INV00189,CON001,Jan-26,31-01-2026,2240328,INR,Deferred,One-time,186694,2240328,2240328,1837068.96,403259.04,41.23,05-02-2026,Pending,426911,69,-8.61,High,2400994,154272,Australia,Annual
REV00190,CLT005,Silva PLC,PRJ013,Deliver Viral Info-Mediaries,INV00190,CON041,Oct-25,03-10-2025,1898700,SGD,Recognized,One-time,158225,1898700,1898700,1556934,341766,5.63,08-10-2025,Paid,735236,34,33.01,Medium,2228556,185124,USA,Monthly
REV00191,CLT012,Kelly-West,PRJ007,Enhance Collaborative Relationships,INV00191,CON032,Jul-25,22-07-2025,1724924,SGD,Recognized,Recurring,143743.67,1724924,1724924,1414437.68,310486.32,33.81,27-07-2025,Partial,253814,116,0.92,Medium,1929779,437749,USA,Monthly
REV00192,CLT037,Austin-Carrillo,PRJ009,Visualize Impactful Partnerships,INV00192,CON032,Mar-26,10-03-2026,1584040,USD,Recognized,One-time,132003.33,1584040,1584040,1298912.8,285127.2,9.96,15-03-2026,Overdue,293880,55,-1.67,Medium,1937280,28389,Australia,Quarterly
REV00193,CLT040,"Boyer, Rogers and Bray",PRJ009,Productize Enterprise Initiatives,INV00193,CON012,Jul-25,18-07-2025,4651683,USD,Recognized,One-time,387640.25,4651683,4651683,3814380.06,837302.94,36.77,23-07-2025,Partial,497316,39,13.28,High,5739828,191849,UK,Annual
REV00194,CLT028,Evans Group,PRJ013,Integrate Cross-Platform Schemas,INV00194,CON013,Dec-25,29-12-2025,1273425,USD,Accrued,One-time,106118.75,1273425,1273425,1044208.5,229216.5,11.05,03-01-2026,Overdue,502869,99,-6.03,Medium,1644883,92593,Singapore,Quarterly
REV00195,CLT029,"Mason, Mitchell and Daniels",PRJ011,Target Interactive Vortals,INV00195,CON017,Jul-25,26-07-2025,3077968,INR,Accrued,Recurring,256497.33,3077968,3077968,2523933.76,554034.24,21.28,31-07-2025,Overdue,1175139,76,40.91,High,3469837,10399,USA,Annual
REV00196,CLT006,Livingston Inc,PRJ013,Iterate 24/365 E-Business,INV00196,CON040,Aug-25,05-08-2025,2453533,USD,Accrued,One-time,204461.08,2453533,2453533,2011897.06,441635.94,27.05,10-08-2025,Pending,662398,23,37.1,High,3047715,486836,Australia,Monthly
REV00197,CLT024,"Jarvis, Edwards and Castro",PRJ019,Extend Viral Relationships,INV00197,CON034,Dec-25,10-12-2025,3827295,SGD,Recognized,Recurring,318941.25,3827295,3827295,3138381.9,688913.1,23.56,15-12-2025,Pending,350891,28,36.25,High,4162229,123012,India,Quarterly
REV00198,CLT006,Phillips LLC,PRJ013,Deploy Seamless Architectures,INV00198,CON020,Jan-26,24-01-2026,1973977,INR,Accrued,One-time,164498.08,1973977,1973977,1618661.14,355315.86,35.19,29-01-2026,Partial,773422,41,11.59,Medium,2147535,276164,India,Quarterly
REV00199,CLT037,Smith Group,PRJ014,Re-Intermediate Cutting-Edge E-Commerce,INV00199,CON034,Apr-26,12-04-2026,4527705,USD,Deferred,Recurring,377308.75,4527705,4527705,3712718.1,814986.9,33.73,17-04-2026,Pending,728064,66,17.38,High,5847134,231662,UK,Quarterly
REV00200,CLT019,"Tanner, Thompson and Thomas",PRJ020,Whiteboard Revolutionary Solutions,INV00200,CON015,Dec-25,01-12-2025,110548,INR,Deferred,Recurring,9212.33,110548,110548,90649.36,19898.64,11.59,06-12-2025,Partial,24487,29,9.7,Low,134665,206963,UK,Quarterly
REV00201,CLT009,"Hinton, Taylor and Thompson",PRJ010,Streamline Turn-Key Interfaces,INV00201,CON008,Aug-25,02-08-2025,3869694,INR,Accrued,Recurring,322474.5,3869694,3869694,3173149.08,696544.92,10.39,07-08-2025,Paid,949521,39,27.03,High,4634340,168109,India,Monthly
REV00202,CLT022,Williams PLC,PRJ014,Integrate Bleeding-Edge Interfaces,INV00202,CON020,Feb-26,11-02-2026,4230846,INR,Deferred,Recurring,352570.5,4230846,4230846,3469293.72,761552.28,28.77,16-02-2026,Partial,972416,94,32.49,High,4861557,442261,USA,Annual
REV00203,CLT003,Rogers Ltd,PRJ007,Transition Back-End Technologies,INV00203,CON030,Apr-26,30-04-2026,838196,INR,Accrued,Recurring,69849.67,838196,838196,687320.72,150875.28,11.47,05-05-2026,Pending,109286,65,8.35,Medium,1121811,490846,India,Quarterly
REV00204,CLT011,"Reed, Davis and Patel",PRJ009,Aggregate Ubiquitous Bandwidth,INV00204,CON038,May-26,21-05-2026,1053693,SGD,Recognized,One-time,87807.75,1053693,1053693,864028.26,189664.74,27.2,26-05-2026,Overdue,413738,36,-14.46,Medium,1119652,410766,Australia,Monthly
REV00205,CLT007,"Collins, Gordon and Wood",PRJ005,Synthesize 24/365 Experiences,INV00205,CON032,Dec-25,28-12-2025,2001816,SGD,Recognized,One-time,166818,2001816,2001816,1641489.12,360326.88,30.99,02-01-2026,Overdue,585472,105,23.68,High,2310486,467557,Singapore,Quarterly
REV00206,CLT035,Juarez and Sons,PRJ012,Engage Synergistic Convergence,INV00206,CON021,Apr-26,25-04-2026,3979179,USD,Accrued,One-time,331598.25,3979179,3979179,3262926.78,716252.22,33.52,30-04-2026,Overdue,1255522,115,18.27,High,4260359,81277,USA,Quarterly
REV00207,CLT025,Page and Sons,PRJ007,Drive Best-Of-Breed Users,INV00207,CON034,Aug-25,13-08-2025,4223744,INR,Accrued,Recurring,351978.67,4223744,4223744,3463470.08,760273.92,4.85,18-08-2025,Pending,1156511,24,21.78,High,4843705,336018,India,Monthly
REV00208,CLT032,"Williamson, Moore and Delgado",PRJ017,Redefine 24/365 Niches,INV00208,CON040,Dec-25,22-12-2025,2196968,SGD,Recognized,One-time,183080.67,2196968,2196968,1801513.76,395454.24,48.36,27-12-2025,Partial,384150,33,21.36,High,2353528,487698,UK,Annual
REV00209,CLT014,Lane-King,PRJ017,Transform End-To-End Vortals,INV00209,CON007,Nov-25,06-11-2025,899137,SGD,Deferred,Recurring,74928.08,899137,899137,737292.34,161844.66,34.79,11-11-2025,Partial,278743,54,-3.63,Medium,1086029,130423,Australia,Annual
REV00210,CLT011,"Lindsey, Brown and Higgins",PRJ018,Syndicate Open-Source Users,INV00210,CON039,Aug-25,16-08-2025,3766255,SGD,Accrued,One-time,313854.58,3766255,3766255,3088329.1,677925.9,27.29,21-08-2025,Overdue,660927,75,44.49,High,4321386,194888,UK,Annual
REV00211,CLT003,Leblanc-Miller,PRJ010,Implement Value-Added Content,INV00211,CON039,Aug-25,05-08-2025,186754,USD,Accrued,One-time,15562.83,186754,186754,153138.28,33615.72,6.92,10-08-2025,Partial,17705,118,3.11,Low,212918,116332,India,Annual
REV00212,CLT015,"Medina, Anderson and Hart",PRJ009,Deliver Magnetic Bandwidth,INV00212,CON052,Aug-25,19-08-2025,2569119,USD,Deferred,Recurring,214093.25,2569119,2569119,2106677.58,462441.42,46.65,24-08-2025,Pending,598199,56,19.14,High,2865161,40475,Singapore,Annual
REV00213,CLT039,Navarro Ltd,PRJ001,Generate 24/7 Functionalities,INV00213,CON041,Nov-25,08-11-2025,3258533,SGD,Recognized,Recurring,271544.42,3258533,3258533,2671997.06,586535.94,46.97,13-11-2025,Pending,639177,72,-12.53,High,3949273,78423,Singapore,Annual
REV00214,CLT004,Hernandez PLC,PRJ018,Morph Granular Portals,INV00214,CON026,Mar-26,16-03-2026,2252495,USD,Recognized,One-time,187707.92,2252495,2252495,1847045.9,405449.1,46.39,21-03-2026,Partial,417885,69,11.07,High,2836704,399524,Australia,Quarterly
REV00215,CLT027,Leblanc Ltd,PRJ014,Iterate Extensible Web-Readiness,INV00215,CON024,Mar-26,01-03-2026,2971818,USD,Deferred,Recurring,247651.5,2971818,2971818,2436890.76,534927.24,34.83,06-03-2026,Partial,672637,49,20.63,High,3141990,159812,Australia,Quarterly
REV00216,CLT022,English PLC,PRJ004,Drive Bleeding-Edge Web Services,INV00216,CON020,Mar-26,13-03-2026,3825390,SGD,Accrued,Recurring,318782.5,3825390,3825390,3136819.8,688570.2,19.72,18-03-2026,Pending,47706,47,-2.46,High,4634083,106850,UK,Annual
REV00217,CLT001,Johnson Inc,PRJ003,Reinvent Ubiquitous Users,INV00217,CON025,Nov-25,16-11-2025,2325916,INR,Accrued,Recurring,193826.33,2325916,2325916,1907251.12,418664.88,14.77,21-11-2025,Overdue,893473,89,6.61,High,2517495,153351,UK,Quarterly
REV00218,CLT034,"Adams, Hernandez and Randall",PRJ010,Matrix Viral E-Markets,INV00218,CON022,Oct-25,14-10-2025,4159854,INR,Deferred,Recurring,346654.5,4159854,4159854,3411080.28,748773.72,27.03,19-10-2025,Pending,1561100,25,-13.9,High,5221837,186320,Australia,Annual
REV00219,CLT040,"Mckay, Martin and Davis",PRJ008,Extend Best-Of-Breed Synergies,INV00219,CON027,May-26,11-05-2026,2066292,SGD,Recognized,Recurring,172191,2066292,2066292,1694359.44,371932.56,15.77,16-05-2026,Overdue,160169,59,43.23,High,2733540,172640,Singapore,Annual
REV00220,CLT005,Diaz Inc,PRJ018,Syndicate Wireless E-Markets,INV00220,CON035,Feb-26,02-02-2026,1043104,USD,Deferred,One-time,86925.33,1043104,1043104,855345.28,187758.72,39.93,07-02-2026,Pending,166512,112,37.78,Medium,1322785,401308,UK,Annual
REV00221,CLT015,Trujillo Group,PRJ001,Re-Contextualize Magnetic Niches,INV00221,CON023,Oct-25,05-10-2025,716688,INR,Deferred,One-time,59724,716688,716688,587684.16,129003.84,8.7,10-10-2025,Pending,70300,69,35.77,Medium,853309,340560,UK,Monthly
REV00222,CLT014,"Jones, Garza and Bolton",PRJ003,Iterate Intuitive E-Tailers,INV00222,CON012,Aug-25,12-08-2025,3734991,USD,Accrued,One-time,311249.25,3734991,3734991,3062692.62,672298.38,8.97,17-08-2025,Overdue,1027484,93,4.49,High,4434418,129385,India,Annual
REV00223,CLT003,"Hall, Ray and Parks",PRJ018,Synergize Real-Time Eyeballs,INV00223,CON025,Oct-25,26-10-2025,4379584,USD,Recognized,One-time,364965.33,4379584,4379584,3591258.88,788325.12,6.54,31-10-2025,Pending,1322565,11,-3.61,High,5176082,463679,UK,Quarterly
REV00224,CLT035,Obrien-Kelly,PRJ005,Envisioneer Open-Source Methodologies,INV00224,CON026,May-26,21-05-2026,3519186,USD,Deferred,One-time,293265.5,3519186,3519186,2885732.52,633453.48,27.71,26-05-2026,Partial,945576,8,-4.27,High,4318374,373625,India,Annual
REV00225,CLT033,Mcdaniel Ltd,PRJ020,Grow 24/7 Vortals,INV00225,CON011,Oct-25,24-10-2025,3226586,INR,Recognized,Recurring,268882.17,3226586,3226586,2645800.52,580785.48,7.6,29-10-2025,Partial,798190,10,31.1,High,4270953,296480,Singapore,Quarterly
REV00226,CLT030,Chavez-Thompson,PRJ016,Engage Granular Action-Items,INV00226,CON055,Nov-25,02-11-2025,4232914,USD,Deferred,Recurring,352742.83,4232914,4232914,3470989.48,761924.52,18.38,07-11-2025,Overdue,12059,82,37.96,High,4746635,308733,UK,Annual
REV00227,CLT003,Sullivan and Sons,PRJ005,Generate Next-Generation Bandwidth,INV00227,CON055,Oct-25,13-10-2025,322060,INR,Recognized,Recurring,26838.33,322060,322060,264089.2,57970.8,18.12,18-10-2025,Paid,75771,112,21.2,Low,370154,45981,UK,Annual
REV00228,CLT025,Hicks Inc,PRJ003,Evolve Web-Enabled Paradigms,INV00228,CON049,Jan-26,23-01-2026,3634652,USD,Deferred,Recurring,302887.67,3634652,3634652,2980414.64,654237.36,12.49,28-01-2026,Pending,136159,42,13.25,High,3949438,450577,Australia,Annual
REV00229,CLT028,Mitchell-Finley,PRJ020,Morph Best-Of-Breed Action-Items,INV00229,CON055,May-26,09-05-2026,2704898,USD,Accrued,Recurring,225408.17,2704898,2704898,2218016.36,486881.64,26.67,14-05-2026,Overdue,742084,21,21.86,High,3242953,382302,Singapore,Annual
REV00230,CLT014,Wheeler-Rodriguez,PRJ001,Strategize Impactful Initiatives,INV00230,CON041,Feb-26,10-02-2026,1737680,INR,Accrued,One-time,144806.67,1737680,1737680,1424897.6,312782.4,30.49,15-02-2026,Pending,266776,106,-10.93,Medium,1981103,288355,India,Quarterly
REV00231,CLT009,"Ellis, Flores and Harrison",PRJ016,Productize Innovative Action-Items,INV00231,CON010,Jun-25,17-06-2025,3913943,SGD,Accrued,One-time,326161.92,3913943,3913943,3209433.26,704509.74,16.13,22-06-2025,Paid,702775,64,32.04,High,4595696,389328,USA,Annual
REV00232,CLT035,"Velazquez, Williams and Escobar",PRJ006,Drive Dot-Com Models,INV00232,CON037,Feb-26,10-02-2026,3317918,SGD,Deferred,One-time,276493.17,3317918,3317918,2720692.76,597225.24,36.78,15-02-2026,Pending,1248207,19,36.88,High,4231878,369762,India,Monthly
REV00233,CLT003,Sweeney Group,PRJ007,Re-Intermediate Intuitive Schemas,INV00233,CON059,Nov-25,16-11-2025,826819,USD,Accrued,One-time,68901.58,826819,826819,677991.58,148827.42,16.9,21-11-2025,Partial,265286,8,32.94,Medium,1092630,80781,UK,Quarterly
REV00234,CLT003,Lam-Higgins,PRJ020,Seize Viral Niches,INV00234,CON056,Feb-26,13-02-2026,780445,INR,Deferred,Recurring,65037.08,780445,780445,639964.9,140480.1,23.92,18-02-2026,Pending,244777,118,-12.23,Medium,941351,345497,Australia,Quarterly
REV00235,CLT040,"Carter, Perez and Morris",PRJ018,Architect Integrated Methodologies,INV00235,CON033,Oct-25,02-10-2025,908786,SGD,Recognized,Recurring,75732.17,908786,908786,745204.52,163581.48,36.69,07-10-2025,Pending,284441,49,17.96,Medium,1028123,494549,Singapore,Quarterly
REV00236,CLT026,Carey-Meyer,PRJ006,Matrix Visionary Users,INV00236,CON046,Dec-25,20-12-2025,3789945,USD,Recognized,Recurring,315828.75,3789945,3789945,3107754.9,682190.1,9.63,25-12-2025,Paid,745798,44,4.94,High,4204732,397621,Australia,Annual
REV00237,CLT024,Brown Group,PRJ013,Extend Holistic Portals,INV00237,CON012,Mar-26,23-03-2026,2820991,USD,Deferred,One-time,235082.58,2820991,2820991,2313212.62,507778.38,21.78,28-03-2026,Overdue,950603,67,-13.18,High,3364314,184256,Singapore,Annual
REV00238,CLT030,Lawrence-Parks,PRJ013,Extend Back-End Initiatives,INV00238,CON038,Oct-25,04-10-2025,3518202,USD,Accrued,One-time,293183.5,3518202,3518202,2884925.64,633276.36,33.88,09-10-2025,Paid,1302068,36,17.88,High,4722016,201230,Singapore,Quarterly
REV00239,CLT021,Walker-Martinez,PRJ018,Implement Open-Source Platforms,INV00239,CON007,Apr-26,24-04-2026,3784744,USD,Accrued,Recurring,315395.33,3784744,3784744,3103490.08,681253.92,39.31,29-04-2026,Overdue,645997,56,-10.82,High,4097452,426805,UK,Monthly
REV00240,CLT013,"Diaz, Fleming and Martinez",PRJ007,Syndicate Leading-Edge E-Markets,INV00240,CON044,Jul-25,15-07-2025,2705814,SGD,Deferred,Recurring,225484.5,2705814,2705814,2218767.48,487046.52,22.89,20-07-2025,Paid,638687,60,28.07,High,3583946,46812,Australia,Quarterly
REV00241,CLT038,Moran-Ramirez,PRJ013,Generate B2C Functionalities,INV00241,CON041,Sep-25,29-09-2025,2718645,INR,Accrued,One-time,226553.75,2718645,2718645,2229288.9,489356.1,15.21,04-10-2025,Overdue,851512,53,11.11,High,3026843,90916,Singapore,Quarterly
REV00242,CLT006,Payne Ltd,PRJ005,Streamline Impactful Content,INV00242,CON042,Jul-25,17-07-2025,3538448,USD,Recognized,Recurring,294870.67,3538448,3538448,2901527.36,636920.64,18.26,22-07-2025,Overdue,1267580,59,22.39,High,4197725,222363,USA,Quarterly
REV00243,CLT037,Kidd Ltd,PRJ016,Facilitate Bleeding-Edge Schemas,INV00243,CON046,May-26,12-05-2026,3141861,USD,Recognized,Recurring,261821.75,3141861,3141861,2576326.02,565534.98,42.01,17-05-2026,Pending,1216911,66,42.7,High,3374418,382827,Australia,Monthly
REV00244,CLT030,"Murphy, Price and Carson",PRJ017,Enable Compelling Relationships,INV00244,CON058,Nov-25,04-11-2025,3986206,USD,Recognized,One-time,332183.83,3986206,3986206,3268688.92,717517.08,14.39,09-11-2025,Pending,1538920,47,10.26,High,5334238,418498,Singapore,Annual
REV00245,CLT005,Smith Inc,PRJ009,Brand Frictionless Supply-Chains,INV00245,CON017,Jun-25,28-06-2025,1161815,SGD,Accrued,One-time,96817.92,1161815,1161815,952688.3,209126.7,17.33,03-07-2025,Partial,147310,40,36.47,Medium,1224856,58484,Singapore,Quarterly
REV00246,CLT032,Pearson-Wilson,PRJ014,Exploit Strategic Users,INV00246,CON050,Oct-25,22-10-2025,3264237,INR,Recognized,Recurring,272019.75,3264237,3264237,2676674.34,587562.66,32.58,27-10-2025,Pending,923134,97,23.25,High,3633934,385016,USA,Monthly
REV00247,CLT010,Murphy-Kelley,PRJ017,Monetize One-To-One Partnerships,INV00247,CON056,Dec-25,31-12-2025,3696815,INR,Accrued,One-time,308067.92,3696815,3696815,3031388.3,665426.7,50.4,05-01-2026,Paid,605641,107,11.93,High,4634135,278005,Australia,Quarterly
REV00248,CLT016,Fuentes PLC,PRJ019,Drive Out-Of-The-Box Architectures,INV00248,CON050,Mar-26,09-03-2026,1685155,SGD,Recognized,Recurring,140429.58,1685155,1685155,1381827.1,303327.9,11.76,14-03-2026,Paid,353796,91,26.42,Medium,1860368,287106,India,Quarterly
REV00249,CLT006,Hughes Ltd,PRJ002,Whiteboard Viral Interfaces,INV00249,CON039,Aug-25,08-08-2025,1868857,USD,Recognized,Recurring,155738.08,1868857,1868857,1532462.74,336394.26,10.21,13-08-2025,Partial,669078,20,27.48,Medium,2029565,449021,Australia,Annual
REV00250,CLT011,Flores-Curtis,PRJ003,Envisioneer Next-Generation Systems,INV00250,CON018,Dec-25,12-12-2025,573343,INR,Recognized,One-time,47778.58,573343,573343,470141.26,103201.74,29.88,17-12-2025,Pending,101866,47,44.76,Medium,646427,426141,UK,Monthly
REV00251,CLT017,"Curtis, Pope and Arnold",PRJ004,Drive Cutting-Edge Eyeballs,INV00251,CON003,Dec-25,16-12-2025,661693,INR,Deferred,Recurring,55141.08,661693,661693,542588.26,119104.74,44.42,21-12-2025,Paid,131384,104,11.75,Medium,872742,78042,UK,Annual
REV00252,CLT005,Long PLC,PRJ018,Repurpose Best-Of-Breed Solutions,INV00252,CON015,Oct-25,08-10-2025,77744,USD,Deferred,Recurring,6478.67,77744,77744,63750.08,13993.92,31.46,13-10-2025,Pending,22585,109,31.79,Low,84458,280653,USA,Annual
REV00253,CLT013,Sanchez and Sons,PRJ010,Drive Front-End Info-Mediaries,INV00253,CON045,Jan-26,22-01-2026,3322435,SGD,Recognized,Recurring,276869.58,3322435,3322435,2724396.7,598038.3,43,27-01-2026,Overdue,1322499,93,6.56,High,3573141,331764,Singapore,Monthly
REV00254,CLT003,"Price, Gibson and Lin",PRJ011,Transform Clicks-And-Mortar E-Markets,INV00254,CON004,Sep-25,11-09-2025,2882988,SGD,Recognized,Recurring,240249,2882988,2882988,2364050.16,518937.84,47.42,16-09-2025,Overdue,850411,20,-2.3,High,3592649,274265,Australia,Monthly
REV00255,CLT020,Jones-Wright,PRJ004,Engineer Impactful Experiences,INV00255,CON030,Nov-25,13-11-2025,1481846,INR,Deferred,One-time,123487.17,1481846,1481846,1215113.72,266732.28,45.7,18-11-2025,Paid,111496,19,14.83,Medium,1911214,115643,UK,Quarterly
REV00256,CLT018,Johnson PLC,PRJ005,Aggregate Robust Schemas,INV00256,CON049,Jan-26,02-01-2026,3532566,INR,Accrued,One-time,294380.5,3532566,3532566,2896704.12,635861.88,39.05,07-01-2026,Paid,775793,75,-5.1,High,3967401,305128,India,Monthly
REV00257,CLT031,Green-Diaz,PRJ005,Incentivize World-Class Initiatives,INV00257,CON014,May-26,09-05-2026,1250307,SGD,Accrued,One-time,104192.25,1250307,1250307,1025251.74,225055.26,18.5,14-05-2026,Paid,142055,71,12.03,Medium,1402564,91513,Singapore,Annual
REV00258,CLT040,"Scott, Johnson and Martin",PRJ012,Disintermediate Integrated Web-Readiness,INV00258,CON056,Jul-25,14-07-2025,4577523,INR,Recognized,One-time,381460.25,4577523,4577523,3753568.86,823954.14,22.86,19-07-2025,Paid,459855,64,31.22,High,5711824,144927,India,Quarterly
REV00259,CLT030,Williams-Grant,PRJ002,Matrix Mission-Critical E-Services,INV00259,CON007,Apr-26,27-04-2026,490037,INR,Accrued,One-time,40836.42,490037,490037,401830.34,88206.66,16.16,02-05-2026,Paid,46107,25,32.13,Low,585848,60851,UK,Quarterly
REV00260,CLT013,Martinez Inc,PRJ013,Extend Cross-Media Eyeballs,INV00260,CON058,Nov-25,04-11-2025,1901053,SGD,Recognized,One-time,158421.08,1901053,1901053,1558863.46,342189.54,46.27,09-11-2025,Partial,493869,79,14.06,Medium,2503965,75990,UK,Quarterly
REV00261,CLT018,Mata-Thomas,PRJ005,Target Back-End E-Business,INV00261,CON008,Oct-25,04-10-2025,3955184,SGD,Recognized,Recurring,329598.67,3955184,3955184,3243250.88,711933.12,21.57,09-10-2025,Partial,877078,26,30.62,High,4413811,154749,Australia,Monthly
REV00262,CLT021,Wilson LLC,PRJ014,Integrate Virtual Networks,INV00262,CON038,Oct-25,13-10-2025,1915681,USD,Recognized,One-time,159640.08,1915681,1915681,1570858.42,344822.58,11.72,18-10-2025,Paid,156206,78,38.9,Medium,2251560,23186,Australia,Annual
REV00263,CLT027,"Spencer, Goodman and Carey",PRJ007,Visualize Extensible Bandwidth,INV00263,CON009,Aug-25,26-08-2025,3056524,INR,Accrued,Recurring,254710.33,3056524,3056524,2506349.68,550174.32,26.47,31-08-2025,Pending,501350,87,44.94,High,3223957,350767,UK,Quarterly
REV00264,CLT034,"Powell, Eaton and Stevens",PRJ002,Cultivate Plug-And-Play Methodologies,INV00264,CON019,Dec-25,13-12-2025,3622727,SGD,Accrued,Recurring,301893.92,3622727,3622727,2970636.14,652090.86,32.17,18-12-2025,Paid,1284508,74,19.51,High,4028993,358961,USA,Annual
REV00265,CLT005,Williams-Carr,PRJ018,Target Leading-Edge Partnerships,INV00265,CON046,Sep-25,29-09-2025,1767253,SGD,Deferred,One-time,147271.08,1767253,1767253,1449147.46,318105.54,41.2,04-10-2025,Partial,351199,35,17.38,Medium,2199720,386599,Singapore,Quarterly
REV00266,CLT035,Nielsen-Smith,PRJ018,Grow B2C Applications,INV00266,CON058,Apr-26,02-04-2026,2501691,INR,Recognized,Recurring,208474.25,2501691,2501691,2051386.62,450304.38,28.12,07-04-2026,Paid,651114,52,32.99,High,3336279,424041,UK,Quarterly
REV00267,CLT014,Farmer-Wolf,PRJ017,Revolutionize Bricks-And-Clicks E-Commerce,INV00267,CON041,Mar-26,25-03-2026,240339,USD,Deferred,Recurring,20028.25,240339,240339,197077.98,43261.02,31.72,30-03-2026,Overdue,54596,92,17.49,Low,261875,181770,India,Monthly
REV00268,CLT036,"Love, Woods and Chan",PRJ015,Monetize Scalable Partnerships,INV00268,CON030,Oct-25,06-10-2025,2600827,USD,Deferred,Recurring,216735.58,2600827,2600827,2132678.14,468148.86,23.33,11-10-2025,Partial,138364,119,32.36,High,2864865,136318,USA,Monthly
REV00269,CLT010,Martinez-Patel,PRJ006,Brand Cutting-Edge Paradigms,INV00269,CON016,May-26,24-05-2026,1030773,SGD,Accrued,One-time,85897.75,1030773,1030773,845233.86,185539.14,48.67,29-05-2026,Partial,166003,78,-7.41,Medium,1162837,96729,India,Quarterly
REV00270,CLT021,Bradley Group,PRJ005,Repurpose Robust Metrics,INV00270,CON001,Oct-25,21-10-2025,4631401,SGD,Deferred,Recurring,385950.08,4631401,4631401,3797748.82,833652.18,23.2,26-10-2025,Partial,694745,87,27.33,High,5521432,151952,UK,Annual
REV00271,CLT013,Daniel-Fowler,PRJ019,Streamline B2B Architectures,INV00271,CON034,Feb-26,15-02-2026,1913477,SGD,Recognized,One-time,159456.42,1913477,1913477,1569051.14,344425.86,32.65,20-02-2026,Paid,205222,7,-9.98,Medium,2496772,354976,UK,Quarterly
REV00272,CLT024,Smith PLC,PRJ001,Facilitate B2C Functionalities,INV00272,CON019,Mar-26,01-03-2026,2943400,SGD,Deferred,One-time,245283.33,2943400,2943400,2413588,529812,20.69,06-03-2026,Overdue,646101,62,37.46,High,3167921,381604,UK,Monthly
REV00273,CLT006,"Anthony, Strickland and Santos",PRJ001,Revolutionize Mission-Critical Experiences,INV00273,CON027,Oct-25,01-10-2025,2342848,INR,Deferred,One-time,195237.33,2342848,2342848,1921135.36,421712.64,28.59,06-10-2025,Partial,183388,76,12.73,High,2859152,479656,Singapore,Annual
REV00274,CLT031,Davidson-Espinoza,PRJ004,Deploy Customized Deliverables,INV00274,CON042,Jan-26,21-01-2026,2463310,USD,Recognized,One-time,205275.83,2463310,2463310,2019914.2,443395.8,29.56,26-01-2026,Paid,188085,67,39.41,High,3062967,14912,UK,Annual
REV00275,CLT017,Wilson PLC,PRJ006,Utilize Bricks-And-Clicks Technologies,INV00275,CON038,Nov-25,18-11-2025,540820,USD,Deferred,One-time,45068.33,540820,540820,443472.4,97347.6,42.58,23-11-2025,Paid,83802,64,37.7,Medium,589844,85620,USA,Monthly
REV00276,CLT021,White-Vasquez,PRJ011,Incubate Distributed Web Services,INV00276,CON053,Oct-25,01-10-2025,2575577,INR,Recognized,One-time,214631.42,2575577,2575577,2111973.14,463603.86,37.74,06-10-2025,Pending,718739,94,26.3,High,2778403,304111,India,Quarterly
REV00277,CLT035,Thompson PLC,PRJ018,Deploy Leading-Edge Web-Readiness,INV00277,CON045,Dec-25,23-12-2025,1006022,USD,Accrued,One-time,83835.17,1006022,1006022,824938.04,181083.96,24.7,28-12-2025,Overdue,241430,14,-8.01,Medium,1095929,9111,USA,Monthly
REV00278,CLT015,"Perez, Sharp and Hall",PRJ010,Utilize Integrated E-Business,INV00278,CON009,Nov-25,21-11-2025,1810273,USD,Recognized,Recurring,150856.08,1810273,1810273,1484423.86,325849.14,42.02,26-11-2025,Paid,82423,59,26.45,Medium,2326579,40755,UK,Monthly
REV00279,CLT007,Cooper LLC,PRJ004,Harness Global Bandwidth,INV00279,CON059,Apr-26,09-04-2026,1773030,SGD,Deferred,Recurring,147752.5,1773030,1773030,1453884.6,319145.4,8.84,14-04-2026,Pending,209740,28,25.24,Medium,1877244,76313,USA,Annual
REV00280,CLT007,"Rodgers, Beck and Nelson",PRJ007,Disintermediate World-Class Methodologies,INV00280,CON059,Aug-25,31-08-2025,4279496,INR,Deferred,One-time,356624.67,4279496,4279496,3509186.72,770309.28,8.92,05-09-2025,Paid,995550,51,26.89,High,4731144,353121,USA,Monthly
REV00281,CLT024,Gonzalez LLC,PRJ010,Innovate Global Technologies,INV00281,CON036,Nov-25,18-11-2025,390649,SGD,Recognized,One-time,32554.08,390649,390649,320332.18,70316.82,44.49,23-11-2025,Pending,86013,68,-8.06,Low,443419,314777,UK,Quarterly
REV00282,CLT029,Johnson-Deleon,PRJ017,Utilize Seamless E-Business,INV00282,CON043,Oct-25,23-10-2025,763081,INR,Recognized,One-time,63590.08,763081,763081,625726.42,137354.58,41.23,28-10-2025,Partial,75165,55,9.04,Medium,936427,53331,USA,Monthly
REV00283,CLT026,"Watts, Robinson and Cruz",PRJ012,Implement Extensible Platforms,INV00283,CON031,Aug-25,05-08-2025,3442718,USD,Recognized,Recurring,286893.17,3442718,3442718,2823028.76,619689.24,15.22,10-08-2025,Pending,1072513,40,-6.16,High,4084407,64062,UK,Monthly
REV00284,CLT040,Scott Ltd,PRJ004,Iterate Seamless E-Markets,INV00284,CON049,Jan-26,06-01-2026,691873,SGD,Accrued,One-time,57656.08,691873,691873,567335.86,124537.14,3.17,11-01-2026,Overdue,258048,106,12.96,Medium,787399,261042,USA,Annual
REV00285,CLT003,Clayton and Sons,PRJ002,Engineer Killer Action-Items,INV00285,CON012,Dec-25,09-12-2025,4719657,INR,Accrued,One-time,393304.75,4719657,4719657,3870118.74,849538.26,15.49,14-12-2025,Overdue,1804307,104,3.18,High,5955347,257676,USA,Quarterly
REV00286,CLT026,"Kline, Duncan and Stokes",PRJ009,Redefine 24/365 E-Business,INV00286,CON032,Apr-26,03-04-2026,3219196,USD,Recognized,One-time,268266.33,3219196,3219196,2639740.72,579455.28,23.19,08-04-2026,Pending,596508,46,-11.31,High,3950401,67212,Australia,Quarterly
REV00287,CLT005,"Glass, Leonard and Clark",PRJ010,Deploy Dot-Com Eyeballs,INV00287,CON008,Oct-25,16-10-2025,2881945,SGD,Deferred,One-time,240162.08,2881945,2881945,2363194.9,518750.1,36.15,21-10-2025,Overdue,41339,73,4.57,High,3424536,452653,Australia,Monthly
REV00288,CLT014,Wagner LLC,PRJ011,Visualize Clicks-And-Mortar Experiences,INV00288,CON032,Jul-25,14-07-2025,4267528,INR,Accrued,Recurring,355627.33,4267528,4267528,3499372.96,768155.04,2.59,19-07-2025,Overdue,1604119,90,5.37,High,5268042,190491,UK,Annual
REV00289,CLT022,Lopez Group,PRJ009,Facilitate Collaborative Relationships,INV00289,CON005,Nov-25,09-11-2025,4801544,SGD,Deferred,One-time,400128.67,4801544,4801544,3937266.08,864277.92,8.55,14-11-2025,Pending,1113721,65,10.63,High,5541917,40192,USA,Monthly
REV00290,CLT032,Mitchell and Sons,PRJ007,Target End-To-End Infrastructures,INV00290,CON043,Sep-25,04-09-2025,3969957,SGD,Accrued,Recurring,330829.75,3969957,3969957,3255364.74,714592.26,33.96,09-09-2025,Overdue,1337828,73,33.54,High,5184098,475443,India,Quarterly
REV00291,CLT027,Middleton-Garcia,PRJ009,Repurpose Leading-Edge Partnerships,INV00291,CON053,Jan-26,05-01-2026,2457904,INR,Recognized,Recurring,204825.33,2457904,2457904,2015481.28,442422.72,17.61,10-01-2026,Paid,168384,37,26.21,High,2754914,125033,Singapore,Quarterly
REV00292,CLT018,Patterson-Moran,PRJ018,Brand Turn-Key Roi,INV00292,CON012,Sep-25,24-09-2025,404270,INR,Deferred,Recurring,33689.17,404270,404270,331501.4,72768.6,12.8,29-09-2025,Pending,5218,12,36.58,Low,434662,315411,UK,Quarterly
REV00293,CLT021,Clark-Daniel,PRJ011,Syndicate Proactive Experiences,INV00293,CON054,Feb-26,05-02-2026,4951683,INR,Recognized,Recurring,412640.25,4951683,4951683,4060380.06,891302.94,13.14,10-02-2026,Partial,817785,108,29.9,High,5549754,221705,India,Quarterly
REV00294,CLT018,Ryan-Ingram,PRJ005,Matrix Robust Models,INV00294,CON024,Jul-25,25-07-2025,4036449,SGD,Accrued,Recurring,336370.75,4036449,4036449,3309888.18,726560.82,5.87,30-07-2025,Paid,771205,110,3.49,High,5019805,474600,India,Quarterly
REV00295,CLT006,Myers and Sons,PRJ008,Re-Intermediate Mission-Critical Portals,INV00295,CON020,Oct-25,28-10-2025,1814849,INR,Recognized,One-time,151237.42,1814849,1814849,1488176.18,326672.82,39.93,02-11-2025,Overdue,460163,85,4.03,Medium,2347823,337866,USA,Quarterly
REV00296,CLT036,Martin PLC,PRJ011,Incentivize Proactive Networks,INV00296,CON030,Jul-25,19-07-2025,279435,INR,Recognized,One-time,23286.25,279435,279435,229136.7,50298.3,7.63,24-07-2025,Partial,6828,87,23.5,Low,346233,414721,UK,Quarterly
REV00297,CLT012,"Stark, Wilson and Williams",PRJ019,Syndicate B2B Communities,INV00297,CON053,May-25,25-05-2025,2797943,SGD,Recognized,Recurring,233161.92,2797943,2797943,2294313.26,503629.74,25.46,30-05-2025,Overdue,416628,15,9.87,High,3090514,459480,Singapore,Annual
REV00298,CLT017,"Pena, Wiley and Burns",PRJ005,Streamline B2C Applications,INV00298,CON006,Apr-26,08-04-2026,3136337,SGD,Recognized,Recurring,261361.42,3136337,3136337,2571796.34,564540.66,37.35,13-04-2026,Overdue,1189594,20,-14.15,High,3787915,405463,UK,Annual
REV00299,CLT013,Fox PLC,PRJ014,Monetize Cutting-Edge Deliverables,INV00299,CON012,Apr-26,09-04-2026,3476948,USD,Accrued,One-time,289745.67,3476948,3476948,2851097.36,625850.64,40.48,14-04-2026,Partial,60341,42,43.57,High,3896426,236441,Australia,Monthly
REV00300,CLT005,Crawford-Porter,PRJ004,Matrix Ubiquitous Partnerships,INV00300,CON036,May-25,24-05-2025,542850,INR,Accrued,One-time,45237.5,542850,542850,445137,97713,48.15,29-05-2025,Paid,87257,35,13.26,Medium,627692,317914,USA,Quarterly
REV00301,CLT022,"Smith, Grant and Gregory",PRJ015,Aggregate B2C Convergence,INV00301,CON009,Nov-25,27-11-2025,802021,USD,Accrued,One-time,66835.08,802021,802021,657657.22,144363.78,25.92,02-12-2025,Partial,278094,60,-6.49,Medium,870234,23153,USA,Quarterly
REV00302,CLT029,"Lewis, Edwards and Benton",PRJ002,Disintermediate Front-End Interfaces,INV00302,CON013,Nov-25,12-11-2025,1296721,USD,Deferred,Recurring,108060.08,1296721,1296721,1063311.22,233409.78,48.53,17-11-2025,Overdue,120513,28,-12.85,Medium,1462788,370127,India,Quarterly
REV00303,CLT011,Love-Ferguson,PRJ017,Integrate Wireless Partnerships,INV00303,CON053,May-26,23-05-2026,2338341,USD,Recognized,One-time,194861.75,2338341,2338341,1917439.62,420901.38,20.42,28-05-2026,Partial,934170,89,20.14,High,2864617,2163,India,Annual
REV00304,CLT002,"Ayala, Rivera and Novak",PRJ003,Empower Best-Of-Breed Initiatives,INV00304,CON030,Sep-25,10-09-2025,4075316,USD,Recognized,Recurring,339609.67,4075316,4075316,3341759.12,733556.88,22.72,15-09-2025,Overdue,1317759,39,20.65,High,4286179,22988,Australia,Monthly
REV00305,CLT002,Haynes-Palmer,PRJ007,Extend Synergistic Networks,INV00305,CON011,May-26,18-05-2026,3308998,USD,Accrued,One-time,275749.83,3308998,3308998,2713378.36,595619.64,20.12,23-05-2026,Pending,597553,87,30.15,High,4123737,63230,UK,Annual
REV00306,CLT039,Reid Inc,PRJ014,Disintermediate Open-Source Relationships,INV00306,CON006,Apr-26,23-04-2026,3594491,USD,Accrued,Recurring,299540.92,3594491,3594491,2947482.62,647008.38,25.02,28-04-2026,Pending,1287374,28,11.05,High,4233609,21201,Singapore,Quarterly
REV00307,CLT020,"Parker, Davis and Morales",PRJ008,Productize Customized Markets,INV00307,CON034,Dec-25,25-12-2025,3638074,SGD,Deferred,Recurring,303172.83,3638074,3638074,2983220.68,654853.32,30.45,30-12-2025,Paid,1192305,11,18.06,High,4821141,269177,UK,Quarterly
REV00308,CLT012,Patterson Group,PRJ013,Engineer Turn-Key Platforms,INV00308,CON003,May-26,24-05-2026,748691,SGD,Deferred,Recurring,62390.92,748691,748691,613926.62,134764.38,15.67,29-05-2026,Overdue,156053,45,20.23,Medium,888321,351409,USA,Monthly
REV00309,CLT011,Koch-Johnson,PRJ016,Transform Impactful Channels,INV00309,CON030,Feb-26,26-02-2026,3448154,USD,Recognized,Recurring,287346.17,3448154,3448154,2827486.28,620667.72,6.58,03-03-2026,Overdue,1020731,43,22.11,High,4628031,189125,India,Monthly
REV00310,CLT035,"Joseph, Carson and Baker",PRJ007,Synthesize Intuitive Initiatives,INV00310,CON006,Dec-25,02-12-2025,2574282,SGD,Deferred,One-time,214523.5,2574282,2574282,2110911.24,463370.76,12.98,07-12-2025,Partial,485936,23,13.44,High,2719844,87087,UK,Monthly
REV00311,CLT027,Harris-Fernandez,PRJ016,Optimize Real-Time Deliverables,INV00311,CON048,Apr-26,28-04-2026,4904162,SGD,Accrued,One-time,408680.17,4904162,4904162,4021412.84,882749.16,20.15,03-05-2026,Overdue,1533182,75,44.94,High,5203831,209547,Australia,Monthly
REV00312,CLT040,Riggs-Bennett,PRJ012,Mesh Sticky Networks,INV00312,CON029,Apr-26,01-04-2026,3709362,SGD,Accrued,One-time,309113.5,3709362,3709362,3041676.84,667685.16,49.78,06-04-2026,Partial,338340,41,28.57,High,4417004,229696,Singapore,Annual
REV00313,CLT006,Smith-Murphy,PRJ016,Exploit Enterprise Bandwidth,INV00313,CON009,Sep-25,09-09-2025,1503671,USD,Recognized,Recurring,125305.92,1503671,1503671,1233010.22,270660.78,34.26,14-09-2025,Overdue,163907,82,14.53,Medium,1936795,494432,Singapore,Monthly
REV00314,CLT008,Benson LLC,PRJ018,Iterate Bricks-And-Clicks Content,INV00314,CON015,Apr-26,18-04-2026,4129927,INR,Accrued,Recurring,344160.58,4129927,4129927,3386540.14,743386.86,35.25,23-04-2026,Pending,713711,105,6.31,High,4394254,460174,Australia,Annual
REV00315,CLT014,Rose and Sons,PRJ012,Seize Robust Synergies,INV00315,CON011,May-26,15-05-2026,2500505,SGD,Deferred,Recurring,208375.42,2500505,2500505,2050414.1,450090.9,15,20-05-2026,Partial,462965,102,15.35,High,3175055,52058,USA,Monthly
REV00316,CLT027,"Cline, Burke and Powers",PRJ012,Monetize Intuitive Info-Mediaries,INV00316,CON041,Jul-25,16-07-2025,2108994,USD,Deferred,One-time,175749.5,2108994,2108994,1729375.08,379618.92,42.03,21-07-2025,Overdue,789794,101,16.78,High,2712513,72348,UK,Monthly
REV00317,CLT010,Raymond-Hoover,PRJ019,Synthesize World-Class E-Services,INV00317,CON004,Jun-25,17-06-2025,4410216,SGD,Deferred,Recurring,367518,4410216,4410216,3616377.12,793838.88,34.07,22-06-2025,Pending,879346,56,38.15,High,5557917,457989,USA,Quarterly
REV00318,CLT020,Chung Ltd,PRJ003,Enhance Scalable Web Services,INV00318,CON003,May-25,27-05-2025,4558318,INR,Accrued,One-time,379859.83,4558318,4558318,3737820.76,820497.24,32.45,01-06-2025,Pending,817875,97,28.13,High,5989459,272876,India,Annual
REV00319,CLT004,Harris Inc,PRJ012,Engineer Virtual Applications,INV00319,CON017,Mar-26,30-03-2026,4307213,SGD,Deferred,One-time,358934.42,4307213,4307213,3531914.66,775298.34,30.17,04-04-2026,Pending,259654,11,30.39,High,5738943,235267,India,Monthly
REV00320,CLT034,Andrade PLC,PRJ019,Enhance Bleeding-Edge Content,INV00320,CON013,May-26,17-05-2026,3080531,INR,Recognized,One-time,256710.92,3080531,3080531,2526035.42,554495.58,13.5,22-05-2026,Paid,205495,23,27.7,High,4000165,42963,UK,Monthly
REV00321,CLT032,Smith-Jones,PRJ014,Target Enterprise Synergies,INV00321,CON053,Feb-26,01-02-2026,1416024,SGD,Deferred,One-time,118002,1416024,1416024,1161139.68,254884.32,38.18,06-02-2026,Paid,530354,21,14.09,Medium,1681264,369373,Singapore,Monthly
REV00322,CLT010,"Delgado, Davis and Garcia",PRJ004,Embrace End-To-End Interfaces,INV00322,CON024,Jul-25,25-07-2025,2607892,SGD,Recognized,One-time,217324.33,2607892,2607892,2138471.44,469420.56,2.63,30-07-2025,Partial,392649,43,2.64,High,2760175,74904,UK,Quarterly
REV00323,CLT037,"Griffin, Meyer and Anderson",PRJ015,Deliver Distributed E-Commerce,INV00323,CON058,Oct-25,18-10-2025,2883866,SGD,Deferred,One-time,240322.17,2883866,2883866,2364770.12,519095.88,17.76,23-10-2025,Partial,996624,111,28.2,High,3552094,399481,UK,Monthly
REV00324,CLT006,Schaefer LLC,PRJ006,Repurpose Efficient Initiatives,INV00324,CON046,Jul-25,14-07-2025,258071,SGD,Recognized,Recurring,21505.92,258071,258071,211618.22,46452.78,15.79,19-07-2025,Paid,82589,106,31.3,Low,294885,338249,Australia,Annual
REV00325,CLT035,"Hill, Caldwell and Moreno",PRJ006,Monetize Wireless Applications,INV00325,CON002,Oct-25,21-10-2025,2356552,INR,Accrued,One-time,196379.33,2356552,2356552,1932372.64,424179.36,8.53,26-10-2025,Overdue,215802,36,34.78,High,3067465,303852,Australia,Quarterly
REV00326,CLT008,"Johnson, Logan and Davis",PRJ004,Envisioneer Value-Added E-Business,INV00326,CON035,Aug-25,18-08-2025,1460594,SGD,Recognized,One-time,121716.17,1460594,1460594,1197687.08,262906.92,26.24,23-08-2025,Overdue,151030,28,0.33,Medium,1572896,160848,Singapore,Monthly
REV00327,CLT013,Lewis-Harvey,PRJ008,Reinvent Cross-Media Web-Readiness,INV00327,CON049,May-26,15-05-2026,4965968,INR,Deferred,One-time,413830.67,4965968,4965968,4072093.76,893874.24,39.04,20-05-2026,Pending,1033852,70,30.14,High,5787908,60335,USA,Monthly
REV00328,CLT036,Simmons PLC,PRJ005,Architect 24/365 Relationships,INV00328,CON020,Apr-26,18-04-2026,4816789,USD,Recognized,Recurring,401399.08,4816789,4816789,3949766.98,867022.02,29.62,23-04-2026,Partial,935292,15,35.78,High,5780771,410455,Australia,Annual
REV00329,CLT017,"Gilbert, Henderson and Thomas",PRJ013,Engage Out-Of-The-Box Web Services,INV00329,CON023,Dec-25,22-12-2025,1834711,USD,Deferred,Recurring,152892.58,1834711,1834711,1504463.02,330247.98,10.44,27-12-2025,Paid,535118,41,-12.27,Medium,2333302,295216,India,Monthly
REV00330,CLT018,Edwards-Jones,PRJ008,Engage Cross-Media Platforms,INV00330,CON043,Dec-25,11-12-2025,2748097,SGD,Accrued,One-time,229008.08,2748097,2748097,2253439.54,494657.46,19.43,16-12-2025,Partial,441710,63,42.54,High,3156291,479208,India,Monthly
REV00331,CLT035,Smith Ltd,PRJ001,Revolutionize Mission-Critical Networks,INV00331,CON058,Jul-25,05-07-2025,3784413,USD,Accrued,Recurring,315367.75,3784413,3784413,3103218.66,681194.34,5.79,10-07-2025,Pending,258821,50,43.32,High,4400942,315260,Singapore,Monthly
REV00332,CLT020,Smith-Johnson,PRJ008,Engineer Magnetic Markets,INV00332,CON015,Apr-26,26-04-2026,4192367,INR,Accrued,One-time,349363.92,4192367,4192367,3437740.94,754626.06,29.08,01-05-2026,Partial,77166,40,14.57,High,5287473,317732,Singapore,Monthly
REV00333,CLT017,Ibarra-Lewis,PRJ019,Strategize 24/7 Convergence,INV00333,CON055,Jun-25,01-06-2025,1962310,SGD,Deferred,Recurring,163525.83,1962310,1962310,1609094.2,353215.8,17.13,06-06-2025,Pending,764305,105,1.46,Medium,2559441,12120,Australia,Quarterly
REV00334,CLT015,Williams-Anderson,PRJ002,Streamline Magnetic Infrastructures,INV00334,CON018,Jul-25,03-07-2025,3573736,SGD,Accrued,One-time,297811.33,3573736,3573736,2930463.52,643272.48,13.12,08-07-2025,Paid,941330,45,-14.69,High,3961066,42891,Singapore,Monthly
REV00335,CLT022,Walker LLC,PRJ009,Empower Interactive Metrics,INV00335,CON016,Mar-26,14-03-2026,954632,INR,Accrued,One-time,79552.67,954632,954632,782798.24,171833.76,19.5,19-03-2026,Partial,124968,48,34.95,Medium,1237670,272459,Australia,Monthly
REV00336,CLT029,Curry Inc,PRJ002,Repurpose Robust Users,INV00336,CON020,Apr-26,03-04-2026,3672528,USD,Accrued,One-time,306044,3672528,3672528,3011472.96,661055.04,46.64,08-04-2026,Overdue,213547,91,-11.65,High,3913669,445607,India,Monthly
REV00337,CLT034,Hill Inc,PRJ011,Generate Bleeding-Edge Markets,INV00337,CON038,Mar-26,21-03-2026,1664650,SGD,Accrued,One-time,138720.83,1664650,1664650,1365013,299637,42.92,26-03-2026,Partial,107677,6,20.71,Medium,1781613,413881,Singapore,Quarterly
REV00338,CLT023,Lang LLC,PRJ010,Leverage Bricks-And-Clicks Vortals,INV00338,CON038,Dec-25,19-12-2025,4589442,INR,Accrued,Recurring,382453.5,4589442,4589442,3763342.44,826099.56,8,24-12-2025,Pending,305397,23,13.17,High,5649597,152601,Australia,Monthly
REV00339,CLT030,Valenzuela Ltd,PRJ020,Revolutionize Out-Of-The-Box Bandwidth,INV00339,CON045,Dec-25,27-12-2025,2827849,USD,Recognized,Recurring,235654.08,2827849,2827849,2318836.18,509012.82,20.86,01-01-2026,Paid,628372,58,4.72,High,3058189,459331,Singapore,Annual
REV00340,CLT001,"Mccarty, Guerrero and Howard",PRJ012,Synthesize Compelling Applications,INV00340,CON001,Oct-25,05-10-2025,668501,INR,Recognized,Recurring,55708.42,668501,668501,548170.82,120330.18,16.99,10-10-2025,Pending,15737,76,-8.09,Medium,760201,101923,India,Quarterly
REV00341,CLT007,Pope-Brown,PRJ001,Generate Impactful Metrics,INV00341,CON054,Nov-25,10-11-2025,1201282,USD,Deferred,One-time,100106.83,1201282,1201282,985051.24,216230.76,31.05,15-11-2025,Pending,343340,105,38.1,Medium,1383294,110224,Singapore,Annual
REV00342,CLT025,Dean-Coleman,PRJ012,Syndicate Back-End E-Services,INV00342,CON021,Apr-26,03-04-2026,3653244,INR,Recognized,Recurring,304437,3653244,3653244,2995660.08,657583.92,6.69,08-04-2026,Pending,512857,10,30.78,High,4479599,447970,USA,Annual
REV00343,CLT033,Bishop-Blair,PRJ012,Re-Intermediate Robust Mindshare,INV00343,CON032,May-25,28-05-2025,4402784,USD,Accrued,One-time,366898.67,4402784,4402784,3610282.88,792501.12,24.25,02-06-2025,Overdue,375387,46,27.75,High,5316989,253386,USA,Annual
REV00344,CLT025,Vargas-Williams,PRJ019,Aggregate Seamless Supply-Chains,INV00344,CON011,Dec-25,25-12-2025,3188239,INR,Recognized,One-time,265686.58,3188239,3188239,2614355.98,573883.02,30.8,30-12-2025,Pending,1154591,15,-6.94,High,3428021,233048,Australia,Annual
REV00345,CLT029,"Mitchell, Snyder and Mann",PRJ008,Productize 24/365 Methodologies,INV00345,CON017,Apr-26,27-04-2026,686598,USD,Recognized,Recurring,57216.5,686598,686598,563010.36,123587.64,17.78,02-05-2026,Paid,43211,42,35.56,Medium,826552,337460,Singapore,Monthly
REV00346,CLT018,Ford-Nixon,PRJ007,Generate Frictionless Portals,INV00346,CON046,Jun-25,04-06-2025,1206496,USD,Deferred,One-time,100541.33,1206496,1206496,989326.72,217169.28,5.91,09-06-2025,Pending,394465,96,29.39,Medium,1597056,4474,USA,Annual
REV00347,CLT036,Frank-Weaver,PRJ015,Drive User-Centric Info-Mediaries,INV00347,CON047,Jul-25,02-07-2025,3920513,INR,Deferred,Recurring,326709.42,3920513,3920513,3214820.66,705692.34,29,07-07-2025,Overdue,180094,45,35.75,High,4620865,493842,UK,Quarterly
REV00348,CLT026,Clark Inc,PRJ018,Incubate Sticky Platforms,INV00348,CON020,Nov-25,19-11-2025,2785353,USD,Deferred,Recurring,232112.75,2785353,2785353,2283989.46,501363.54,49.09,24-11-2025,Overdue,67547,22,-5.78,High,3720650,173146,Singapore,Annual
REV00349,CLT003,Austin LLC,PRJ020,Re-Contextualize Vertical Infrastructures,INV00349,CON032,Sep-25,21-09-2025,275137,USD,Recognized,One-time,22928.08,275137,275137,225612.34,49524.66,40.37,26-09-2025,Partial,26083,13,39.68,Low,320745,107946,Australia,Monthly
REV00350,CLT005,Austin Ltd,PRJ013,Envisioneer B2B E-Commerce,INV00350,CON058,Nov-25,19-11-2025,1782077,SGD,Deferred,Recurring,148506.42,1782077,1782077,1461303.14,320773.86,41.9,24-11-2025,Partial,215667,44,10.93,Medium,2250587,248921,Australia,Annual
REV00351,CLT037,Webb-Torres,PRJ016,Iterate Rich Methodologies,INV00351,CON030,Feb-26,24-02-2026,3931370,USD,Deferred,Recurring,327614.17,3931370,3931370,3223723.4,707646.6,13.74,01-03-2026,Overdue,81966,99,-9.53,High,4890190,481766,USA,Quarterly
REV00352,CLT035,Walker-Tyler,PRJ010,Expedite Value-Added Eyeballs,INV00352,CON043,Jan-26,25-01-2026,609888,USD,Recognized,One-time,50824,609888,609888,500108.16,109779.84,14.63,30-01-2026,Paid,190457,97,39.13,Medium,806650,215628,India,Quarterly
REV00353,CLT030,"Rogers, Neal and Donovan",PRJ013,Scale Magnetic Niches,INV00353,CON022,Sep-25,10-09-2025,3399922,USD,Deferred,One-time,283326.83,3399922,3399922,2787936.04,611985.96,36.6,15-09-2025,Partial,831886,9,-14.36,High,3686891,480843,UK,Monthly
REV00354,CLT002,Sutton LLC,PRJ020,Facilitate Granular Networks,INV00354,CON007,Aug-25,19-08-2025,1536768,SGD,Recognized,One-time,128064,1536768,1536768,1260149.76,276618.24,26.74,24-08-2025,Paid,130182,73,29.49,Medium,1691268,352002,USA,Quarterly
REV00355,CLT034,"Ramirez, Steele and Munoz",PRJ004,Iterate Viral E-Tailers,INV00355,CON025,Apr-26,15-04-2026,2636411,INR,Recognized,Recurring,219700.92,2636411,2636411,2161857.02,474553.98,8.15,20-04-2026,Partial,109922,81,-14.72,High,3379148,402188,USA,Monthly
REV00356,CLT011,"Villarreal, Parsons and Hernandez",PRJ002,Strategize One-To-One Web Services,INV00356,CON027,May-25,27-05-2025,4349162,SGD,Deferred,Recurring,362430.17,4349162,4349162,3566312.84,782849.16,44.89,01-06-2025,Partial,1710488,46,4.36,High,5384418,327508,UK,Monthly
REV00357,CLT018,Rush-Dominguez,PRJ020,Implement Viral Models,INV00357,CON024,May-26,22-05-2026,418586,USD,Accrued,One-time,34882.17,418586,418586,343240.52,75345.48,46.08,27-05-2026,Partial,57294,57,3.09,Low,514718,53379,India,Annual
REV00358,CLT025,Benitez PLC,PRJ017,Aggregate Bleeding-Edge Portals,INV00358,CON041,Apr-26,07-04-2026,1999726,USD,Accrued,One-time,166643.83,1999726,1999726,1639775.32,359950.68,19.03,12-04-2026,Paid,616005,95,44.3,Medium,2239256,323144,Singapore,Monthly
REV00359,CLT003,Everett-Williams,PRJ008,Benchmark Revolutionary E-Markets,INV00359,CON060,Jun-25,10-06-2025,3772245,SGD,Recognized,Recurring,314353.75,3772245,3772245,3093240.9,679004.1,28.94,15-06-2025,Overdue,281578,40,4.05,High,4851451,20765,USA,Annual
REV00360,CLT001,"Wilson, Bates and Davis",PRJ003,Re-Contextualize Intuitive E-Services,INV00360,CON056,Nov-25,10-11-2025,4174194,INR,Accrued,Recurring,347849.5,4174194,4174194,3422839.08,751354.92,46.93,15-11-2025,Partial,403629,11,23.06,High,4560138,107070,Singapore,Monthly
REV00361,CLT037,Mcdaniel-May,PRJ015,Whiteboard Next-Generation Experiences,INV00361,CON041,Mar-26,16-03-2026,1739474,USD,Deferred,One-time,144956.17,1739474,1739474,1426368.68,313105.32,31.23,21-03-2026,Partial,504544,15,42.06,Medium,2014092,198032,UK,Monthly
REV00362,CLT017,Carter-Rodriguez,PRJ013,Aggregate Plug-And-Play Convergence,INV00362,CON030,Mar-26,10-03-2026,2615632,SGD,Recognized,Recurring,217969.33,2615632,2615632,2144818.24,470813.76,29.04,15-03-2026,Partial,296983,53,18.73,High,3123727,174710,UK,Monthly
REV00363,CLT005,Baker PLC,PRJ014,Benchmark Sticky E-Markets,INV00363,CON057,Dec-25,09-12-2025,375703,SGD,Accrued,One-time,31308.58,375703,375703,308076.46,67626.54,40.63,14-12-2025,Pending,100879,77,-5.26,Low,480481,133828,UK,Annual
REV00364,CLT010,"Haynes, Foster and Lamb",PRJ009,Syndicate Cutting-Edge Mindshare,INV00364,CON039,Sep-25,24-09-2025,3870765,INR,Recognized,One-time,322563.75,3870765,3870765,3174027.3,696737.7,6.22,29-09-2025,Partial,309051,37,-0.16,High,4735890,347395,India,Quarterly
REV00365,CLT025,Calhoun Group,PRJ019,Synergize B2C Users,INV00365,CON020,Aug-25,14-08-2025,3502826,USD,Accrued,One-time,291902.17,3502826,3502826,2872317.32,630508.68,44.73,19-08-2025,Partial,229164,86,19.36,High,4516054,426889,Singapore,Annual
REV00366,CLT011,"Weaver, Harvey and Molina",PRJ006,Deploy Dot-Com E-Services,INV00366,CON024,Feb-26,05-02-2026,1613636,INR,Recognized,Recurring,134469.67,1613636,1613636,1323181.52,290454.48,40.57,10-02-2026,Partial,207639,67,-4.08,Medium,2153469,236276,Singapore,Monthly
REV00367,CLT022,"Calderon, Wood and Jensen",PRJ001,Redefine 24/7 Relationships,INV00367,CON038,Feb-26,01-02-2026,2019478,SGD,Recognized,Recurring,168289.83,2019478,2019478,1655971.96,363506.04,20.96,06-02-2026,Paid,508763,91,30.63,High,2126211,139502,Australia,Monthly
REV00368,CLT022,Robinson Inc,PRJ011,Incubate Proactive Deliverables,INV00368,CON053,Nov-25,15-11-2025,2059885,INR,Deferred,One-time,171657.08,2059885,2059885,1689105.7,370779.3,28.8,20-11-2025,Pending,697385,56,7.71,High,2198252,186661,India,Annual
REV00369,CLT031,Mercer and Sons,PRJ017,Unleash Back-End Vortals,INV00369,CON027,Dec-25,01-12-2025,1626512,SGD,Recognized,One-time,135542.67,1626512,1626512,1333739.84,292772.16,50.97,06-12-2025,Pending,337833,7,23.03,Medium,2134033,423392,UK,Quarterly
REV00370,CLT034,Arnold PLC,PRJ019,Optimize Compelling Solutions,INV00370,CON051,Nov-25,18-11-2025,4283198,INR,Recognized,One-time,356933.17,4283198,4283198,3512222.36,770975.64,49.32,23-11-2025,Overdue,268144,68,32.81,High,4884578,352878,UK,Annual
REV00371,CLT025,Aguirre-Brown,PRJ009,Generate Killer E-Commerce,INV00371,CON015,Sep-25,01-09-2025,2211144,INR,Recognized,Recurring,184262,2211144,2211144,1813138.08,398005.92,12.71,06-09-2025,Overdue,499439,119,25.24,High,2763140,483779,USA,Annual
REV00372,CLT008,Mclean Inc,PRJ003,Seize Next-Generation Solutions,INV00372,CON022,Feb-26,04-02-2026,1628370,USD,Accrued,Recurring,135697.5,1628370,1628370,1335263.4,293106.6,42.1,09-02-2026,Paid,600665,52,-7.35,Medium,1862874,199331,India,Quarterly
REV00373,CLT010,Richardson-Phillips,PRJ010,Extend Rich Vortals,INV00373,CON054,Jan-26,12-01-2026,1886301,SGD,Deferred,Recurring,157191.75,1886301,1886301,1546766.82,339534.18,17.34,17-01-2026,Paid,713011,63,-6.15,Medium,2140985,391674,USA,Quarterly
REV00374,CLT014,"Simon, Wall and Bauer",PRJ008,Enhance Magnetic Eyeballs,INV00374,CON045,Jan-26,17-01-2026,490958,INR,Deferred,One-time,40913.17,490958,490958,402585.56,88372.44,39.56,22-01-2026,Partial,127796,98,8.51,Low,660494,345637,Australia,Quarterly
REV00375,CLT007,Burton-Phillips,PRJ005,Exploit 24/365 Schemas,INV00375,CON021,Mar-26,03-03-2026,4918611,SGD,Deferred,One-time,409884.25,4918611,4918611,4033261.02,885349.98,6.2,08-03-2026,Partial,1688357,11,35.99,High,6211597,239878,Singapore,Quarterly
REV00376,CLT028,"Johnson, Moore and Bailey",PRJ006,Seize Open-Source Architectures,INV00376,CON060,Mar-26,24-03-2026,522542,SGD,Recognized,One-time,43545.17,522542,522542,428484.44,94057.56,45.34,29-03-2026,Pending,93214,65,-4.22,Medium,556894,270236,UK,Monthly
REV00377,CLT029,"Rodriguez, Warren and Rivers",PRJ012,Integrate End-To-End Architectures,INV00377,CON001,Dec-25,11-12-2025,1056636,INR,Accrued,One-time,88053,1056636,1056636,866441.52,190194.48,44.16,16-12-2025,Partial,43325,20,14.35,Medium,1321468,267255,Australia,Quarterly
REV00378,CLT035,Simon Inc,PRJ006,Facilitate Cross-Media Users,INV00378,CON026,Apr-26,08-04-2026,215644,SGD,Accrued,Recurring,17970.33,215644,215644,176828.08,38815.92,22.03,13-04-2026,Paid,72883,109,17.19,Low,278969,256147,Australia,Monthly
REV00379,CLT011,Long LLC,PRJ003,Unleash Vertical Synergies,INV00379,CON036,Oct-25,20-10-2025,2203863,USD,Recognized,One-time,183655.25,2203863,2203863,1807167.66,396695.34,7.52,25-10-2025,Partial,36705,15,43.8,High,2648700,190609,India,Monthly
REV00380,CLT007,Gray Inc,PRJ002,Matrix Killer Bandwidth,INV00380,CON016,Mar-26,24-03-2026,358146,SGD,Deferred,Recurring,29845.5,358146,358146,293679.72,64466.28,34.43,29-03-2026,Partial,37137,43,36.37,Low,399176,70363,USA,Annual
REV00381,CLT010,Gardner-Graham,PRJ018,Evolve 24/365 Web Services,INV00381,CON014,Apr-26,04-04-2026,641883,SGD,Accrued,Recurring,53490.25,641883,641883,526344.06,115538.94,19.86,09-04-2026,Pending,192066,39,44.72,Medium,808156,100992,Australia,Quarterly
REV00382,CLT027,Allison PLC,PRJ003,Whiteboard Seamless Partnerships,INV00382,CON022,Feb-26,27-02-2026,796369,INR,Deferred,Recurring,66364.08,796369,796369,653022.58,143346.42,22.09,04-03-2026,Pending,174859,104,1.4,Medium,1043766,118366,India,Quarterly
REV00383,CLT018,Ramirez-Barrett,PRJ020,Leverage Magnetic Bandwidth,INV00383,CON007,Jul-25,27-07-2025,452345,USD,Recognized,One-time,37695.42,452345,452345,370922.9,81422.1,39.15,01-08-2025,Overdue,83360,101,8.37,Low,521803,388653,Australia,Monthly
REV00384,CLT027,Mason Inc,PRJ015,Transition Distributed Roi,INV00384,CON012,Jan-26,26-01-2026,3732263,USD,Deferred,One-time,311021.92,3732263,3732263,3060455.66,671807.34,26.96,31-01-2026,Partial,982863,69,2.21,High,4985500,272941,India,Quarterly
REV00385,CLT032,Black-Gregory,PRJ001,Deploy 24/7 Metrics,INV00385,CON028,Apr-26,26-04-2026,4317136,USD,Accrued,Recurring,359761.33,4317136,4317136,3540051.52,777084.48,7.93,01-05-2026,Paid,286111,66,14.87,High,5420322,354824,India,Annual
REV00386,CLT015,"Mcmillan, Gallegos and Cain",PRJ006,Utilize Scalable Solutions,INV00386,CON005,Feb-26,15-02-2026,3129046,USD,Deferred,Recurring,260753.83,3129046,3129046,2565817.72,563228.28,40.32,20-02-2026,Partial,1077274,50,42.15,High,3682313,198754,India,Annual
REV00387,CLT003,"Shaw, Ross and Cox",PRJ015,Synergize Mission-Critical Eyeballs,INV00387,CON058,Sep-25,26-09-2025,4145875,INR,Accrued,Recurring,345489.58,4145875,4145875,3399617.5,746257.5,47.67,01-10-2025,Paid,746049,5,21.93,High,4761809,185541,USA,Quarterly
REV00388,CLT032,"Villa, Reid and Wang",PRJ001,Deploy Cross-Platform E-Services,INV00388,CON010,Mar-26,31-03-2026,2148282,SGD,Recognized,One-time,179023.5,2148282,2148282,1761591.24,386690.76,37.76,05-04-2026,Partial,493563,55,7.46,High,2490607,467766,USA,Annual
REV00389,CLT026,Weeks Inc,PRJ014,Redefine Magnetic Experiences,INV00389,CON048,May-26,18-05-2026,2828420,INR,Deferred,One-time,235701.67,2828420,2828420,2319304.4,509115.6,48.36,23-05-2026,Pending,336199,90,-3.06,High,3376535,348778,UK,Annual
REV00390,CLT023,Moyer-Munoz,PRJ017,Reinvent Turn-Key Eyeballs,INV00390,CON001,Apr-26,14-04-2026,2033947,USD,Deferred,One-time,169495.58,2033947,2033947,1667836.54,366110.46,47.95,19-04-2026,Paid,711259,111,5.53,High,2731451,386626,UK,Quarterly
REV00391,CLT016,Garcia-Jackson,PRJ014,Engineer Innovative Web-Readiness,INV00391,CON013,Nov-25,28-11-2025,4025301,INR,Recognized,One-time,335441.75,4025301,4025301,3300746.82,724554.18,6.33,03-12-2025,Partial,216142,94,28.83,High,4964525,98916,India,Monthly
REV00392,CLT015,Williams Inc,PRJ008,Transition Turn-Key Convergence,INV00392,CON022,May-26,01-05-2026,3624183,USD,Deferred,One-time,302015.25,3624183,3624183,2971830.06,652352.94,17.4,06-05-2026,Pending,128659,70,10.62,High,3861554,57700,USA,Monthly
REV00393,CLT012,Suarez-King,PRJ009,Facilitate Virtual Initiatives,INV00393,CON032,Jun-25,14-06-2025,3099940,USD,Accrued,One-time,258328.33,3099940,3099940,2541950.8,557989.2,23.64,19-06-2025,Partial,638282,19,-9.19,High,3267642,289285,USA,Annual
REV00394,CLT039,Church Inc,PRJ004,Drive Leading-Edge Architectures,INV00394,CON003,Mar-26,05-03-2026,4970434,INR,Accrued,One-time,414202.83,4970434,4970434,4075755.88,894678.12,4.28,10-03-2026,Paid,1853969,88,34.04,High,5506635,233711,Australia,Quarterly
REV00395,CLT036,"Owens, Graham and Johnson",PRJ012,Architect Strategic E-Commerce,INV00395,CON058,Dec-25,28-12-2025,3120331,INR,Deferred,Recurring,260027.58,3120331,3120331,2558671.42,561659.58,14.46,02-01-2026,Paid,246266,60,-10.94,High,3668577,488286,Australia,Quarterly
REV00396,CLT033,Hayes PLC,PRJ013,Matrix Sticky Eyeballs,INV00396,CON036,Mar-26,28-03-2026,3323628,SGD,Accrued,One-time,276969,3323628,3323628,2725374.96,598253.04,20.37,02-04-2026,Partial,1273429,39,-2.58,High,3493399,299839,India,Annual
REV00397,CLT003,Taylor Inc,PRJ005,Cultivate Dot-Com Architectures,INV00397,CON057,Feb-26,17-02-2026,2379990,SGD,Recognized,One-time,198332.5,2379990,2379990,1951591.8,428398.2,44.08,22-02-2026,Partial,283571,116,32.44,High,2957670,130551,India,Annual
REV00398,CLT001,"Murphy, Parker and Gutierrez",PRJ012,E-Enable 24/7 Action-Items,INV00398,CON015,Dec-25,09-12-2025,2396208,SGD,Accrued,One-time,199684,2396208,2396208,1964890.56,431317.44,41.79,14-12-2025,Paid,268422,7,17.24,High,3219613,407993,UK,Annual
REV00399,CLT010,Moore Group,PRJ015,Cultivate Out-Of-The-Box Models,INV00399,CON015,Sep-25,12-09-2025,3689846,INR,Accrued,One-time,307487.17,3689846,3689846,3025673.72,664172.28,25.67,17-09-2025,Partial,311079,120,13.74,High,4423344,240852,Singapore,Annual
REV00400,CLT016,Smith PLC,PRJ015,Grow World-Class Markets,INV00400,CON059,Mar-26,15-03-2026,3426450,USD,Recognized,Recurring,285537.5,3426450,3426450,2809689,616761,43.74,20-03-2026,Paid,1104734,22,28.61,High,4428336,316299,UK,Monthly
REV00401,CLT022,Hudson and Sons,PRJ003,Monetize Scalable Supply-Chains,INV00401,CON013,Aug-25,03-08-2025,1217946,USD,Recognized,Recurring,101495.5,1217946,1217946,998715.72,219230.28,26,08-08-2025,Pending,398286,77,38.54,Medium,1576800,161158,Singapore,Annual
REV00402,CLT001,"Torres, Mcfarland and King",PRJ008,Embrace 24/365 Models,INV00402,CON002,Mar-26,24-03-2026,1951488,SGD,Deferred,Recurring,162624,1951488,1951488,1600220.16,351267.84,23.23,29-03-2026,Overdue,404103,23,6.2,Medium,2216995,483231,India,Monthly
REV00403,CLT028,Gray Ltd,PRJ017,Incubate Strategic E-Business,INV00403,CON022,Feb-26,02-02-2026,1571403,USD,Deferred,One-time,130950.25,1571403,1571403,1288550.46,282852.54,16.61,07-02-2026,Pending,157517,119,25.04,Medium,1792136,428638,India,Annual
REV00404,CLT031,"Mcfarland, Scott and Fuller",PRJ003,E-Enable User-Centric E-Services,INV00404,CON008,May-26,02-05-2026,4897297,USD,Deferred,One-time,408108.08,4897297,4897297,4015783.54,881513.46,28.9,07-05-2026,Partial,1524016,40,-6.32,High,5616788,66865,USA,Quarterly
REV00405,CLT035,Shah Ltd,PRJ018,Incubate Revolutionary Methodologies,INV00405,CON053,Apr-26,15-04-2026,1980340,SGD,Recognized,One-time,165028.33,1980340,1980340,1623878.8,356461.2,26.38,20-04-2026,Partial,87679,79,27.9,Medium,2392416,407158,India,Monthly
REV00406,CLT030,"Henderson, Macdonald and Pineda",PRJ005,Streamline Intuitive E-Services,INV00406,CON054,Jan-26,15-01-2026,4676320,SGD,Deferred,Recurring,389693.33,4676320,4676320,3834582.4,841737.6,28.19,20-01-2026,Paid,508553,31,34.67,High,4988509,72247,Singapore,Annual
REV00407,CLT006,Moore PLC,PRJ008,Matrix Clicks-And-Mortar Content,INV00407,CON005,Jan-26,26-01-2026,154670,SGD,Accrued,One-time,12889.17,154670,154670,126829.4,27840.6,21.81,31-01-2026,Partial,54464,109,9.99,Low,197919,246292,Australia,Quarterly
REV00408,CLT001,Christian-Hernandez,PRJ013,Generate Vertical Channels,INV00408,CON054,May-26,17-05-2026,3603588,SGD,Deferred,Recurring,300299,3603588,3603588,2954942.16,648645.84,2.97,22-05-2026,Pending,952728,75,27.68,High,4062743,299926,Singapore,Quarterly
REV00409,CLT039,"Lewis, Carter and Murphy",PRJ003,Mesh Compelling Web-Readiness,INV00409,CON053,Dec-25,23-12-2025,3979526,USD,Recognized,One-time,331627.17,3979526,3979526,3263211.32,716314.68,20.54,28-12-2025,Paid,656806,88,23.51,High,5166125,86415,UK,Monthly
REV00410,CLT039,"Riggs, Long and Castillo",PRJ001,Orchestrate Rich Relationships,INV00410,CON049,Aug-25,14-08-2025,2643087,SGD,Recognized,Recurring,220257.25,2643087,2643087,2167331.34,475755.66,33.05,19-08-2025,Paid,423049,86,40.75,High,2965809,44585,UK,Quarterly
REV00411,CLT023,"Kaufman, Weeks and Monroe",PRJ005,Scale Plug-And-Play Bandwidth,INV00411,CON045,Jan-26,26-01-2026,866881,INR,Deferred,One-time,72240.08,866881,866881,710842.42,156038.58,26.78,31-01-2026,Partial,213535,119,29.49,Medium,936492,423359,Australia,Annual
REV00412,CLT011,"Guerra, Barrett and Shaw",PRJ017,Engineer Bleeding-Edge Portals,INV00412,CON034,Oct-25,28-10-2025,4439650,INR,Recognized,Recurring,369970.83,4439650,4439650,3640513,799137,6.94,02-11-2025,Overdue,715999,62,32.12,High,5113172,188909,UK,Annual
REV00413,CLT007,Watts-Morales,PRJ015,Evolve B2C E-Business,INV00413,CON021,Feb-26,08-02-2026,1473694,INR,Deferred,One-time,122807.83,1473694,1473694,1208429.08,265264.92,25.57,13-02-2026,Paid,169316,13,1.81,Medium,1708009,46781,UK,Quarterly
REV00414,CLT009,Carter-Prince,PRJ015,Repurpose Cross-Media Platforms,INV00414,CON024,Jun-25,16-06-2025,4348987,SGD,Accrued,Recurring,362415.58,4348987,4348987,3566169.34,782817.66,14.49,21-06-2025,Pending,657762,52,-9.99,High,5105529,235977,India,Annual
REV00415,CLT025,"Johnson, Harrison and Davidson",PRJ015,Engineer Robust Relationships,INV00415,CON043,Oct-25,30-10-2025,834361,INR,Accrued,Recurring,69530.08,834361,834361,684176.02,150184.98,24.48,04-11-2025,Paid,244254,64,23.55,Medium,1101388,243716,Singapore,Quarterly
REV00416,CLT031,Romero-Bautista,PRJ004,Innovate Bricks-And-Clicks Solutions,INV00416,CON018,Aug-25,16-08-2025,3863282,SGD,Accrued,One-time,321940.17,3863282,3863282,3167891.24,695390.76,48.69,21-08-2025,Pending,1143118,24,41.91,High,4225094,111919,India,Monthly
REV00417,CLT005,Camacho LLC,PRJ009,Implement Leading-Edge Technologies,INV00417,CON026,Jun-25,07-06-2025,735425,INR,Recognized,One-time,61285.42,735425,735425,603048.5,132376.5,25.28,12-06-2025,Pending,236674,116,10.18,Medium,819433,468227,India,Quarterly
REV00418,CLT023,"Collins, Olson and Taylor",PRJ019,Deploy Killer Relationships,INV00418,CON025,Mar-26,26-03-2026,133311,USD,Recognized,Recurring,11109.25,133311,133311,109315.02,23995.98,17.59,31-03-2026,Partial,51319,119,20.83,Low,143088,350204,USA,Quarterly
REV00419,CLT029,"Chapman, Dickerson and Williams",PRJ019,Visualize 24/7 Models,INV00419,CON007,Apr-26,17-04-2026,356066,INR,Recognized,Recurring,29672.17,356066,356066,291974.12,64091.88,31.59,22-04-2026,Overdue,49193,58,26.79,Low,456588,315067,USA,Annual
REV00420,CLT023,"Arias, Newman and Harrington",PRJ018,Exploit Vertical Action-Items,INV00420,CON028,Nov-25,16-11-2025,4438666,SGD,Recognized,One-time,369888.83,4438666,4438666,3639706.12,798959.88,7.14,21-11-2025,Partial,704279,19,40.58,High,5271568,195623,Australia,Quarterly
REV00421,CLT027,"Chapman, Park and Tyler",PRJ004,Extend Next-Generation Technologies,INV00421,CON032,Aug-25,15-08-2025,4619557,USD,Recognized,One-time,384963.08,4619557,4619557,3788036.74,831520.26,45.7,20-08-2025,Pending,1328598,61,15.2,High,5967364,350072,Singapore,Annual
REV00422,CLT001,Silva Group,PRJ012,Generate Vertical Convergence,INV00422,CON051,Mar-26,21-03-2026,1928516,SGD,Recognized,One-time,160709.67,1928516,1928516,1581383.12,347132.88,17.56,26-03-2026,Overdue,297380,39,37.78,Medium,2177969,439607,Singapore,Monthly
REV00423,CLT026,"Roman, Ingram and Smith",PRJ007,Syndicate 24/365 Info-Mediaries,INV00423,CON040,Aug-25,29-08-2025,3349388,USD,Accrued,Recurring,279115.67,3349388,3349388,2746498.16,602889.84,47.28,03-09-2025,Partial,1211846,59,-7.27,High,4156195,381740,USA,Quarterly
REV00424,CLT002,"Ferguson, Reyes and Stanley",PRJ014,E-Enable Dynamic Metrics,INV00424,CON001,Oct-25,21-10-2025,1333864,SGD,Recognized,Recurring,111155.33,1333864,1333864,1093768.48,240095.52,48.55,26-10-2025,Overdue,82598,78,7.94,Medium,1697611,68444,USA,Annual
REV00425,CLT038,"Cannon, Hunter and Mann",PRJ004,Deliver Distributed Functionalities,INV00425,CON008,Aug-25,21-08-2025,3901442,INR,Deferred,Recurring,325120.17,3901442,3901442,3199182.44,702259.56,12.16,26-08-2025,Paid,257287,18,-6.49,High,4403161,94700,UK,Quarterly
REV00426,CLT021,"Pham, Martinez and Clark",PRJ015,Monetize Collaborative Bandwidth,INV00426,CON052,Sep-25,14-09-2025,1401435,INR,Deferred,One-time,116786.25,1401435,1401435,1149176.7,252258.3,34.81,19-09-2025,Paid,313267,6,39.22,Medium,1748850,330937,USA,Annual
REV00427,CLT034,Hart-Chapman,PRJ017,Streamline Integrated Methodologies,INV00427,CON049,Sep-25,20-09-2025,1327971,INR,Deferred,One-time,110664.25,1327971,1327971,1088936.22,239034.78,30.39,25-09-2025,Partial,382615,19,38.91,Medium,1406121,72647,Singapore,Quarterly
REV00428,CLT018,Becker-Davis,PRJ013,Incubate Customized Platforms,INV00428,CON007,Mar-26,18-03-2026,4945996,USD,Deferred,One-time,412166.33,4945996,4945996,4055716.72,890279.28,10.21,23-03-2026,Overdue,1607359,80,3.7,High,6371579,378567,UK,Quarterly
REV00429,CLT038,"Baker, Campos and Stone",PRJ014,Envisioneer Collaborative Info-Mediaries,INV00429,CON019,May-26,17-05-2026,4500141,USD,Recognized,Recurring,375011.75,4500141,4500141,3690115.62,810025.38,31.2,22-05-2026,Partial,835309,8,-8.12,High,5817386,225122,Singapore,Annual
REV00430,CLT015,"Villa, James and Gonzalez",PRJ018,Mesh End-To-End Solutions,INV00430,CON005,Sep-25,18-09-2025,3284570,SGD,Accrued,One-time,273714.17,3284570,3284570,2693347.4,591222.6,29.14,23-09-2025,Paid,1262070,32,16.64,High,3550213,145777,UK,Quarterly
REV00431,CLT011,"Potts, Taylor and Mcintosh",PRJ020,Revolutionize Virtual Systems,INV00431,CON021,Oct-25,19-10-2025,3261641,USD,Recognized,One-time,271803.42,3261641,3261641,2674545.62,587095.38,32.68,24-10-2025,Paid,1208827,7,2.1,High,4054545,448844,USA,Monthly
REV00432,CLT020,"Armstrong, Riddle and Brown",PRJ009,Matrix Clicks-And-Mortar Platforms,INV00432,CON021,Aug-25,05-08-2025,2950985,USD,Deferred,Recurring,245915.42,2950985,2950985,2419807.7,531177.3,16.52,10-08-2025,Overdue,167283,76,31.48,High,3535709,24679,UK,Quarterly
REV00433,CLT011,"Foster, White and Orr",PRJ003,Engage Bricks-And-Clicks Technologies,INV00433,CON013,Nov-25,09-11-2025,3144385,INR,Deferred,Recurring,262032.08,3144385,3144385,2578395.7,565989.3,7.5,14-11-2025,Paid,10362,93,37.08,High,3546571,411536,India,Quarterly
REV00434,CLT010,"Johnson, Cisneros and Palmer",PRJ019,Morph Virtual Info-Mediaries,INV00434,CON057,May-26,20-05-2026,3516960,SGD,Deferred,One-time,293080,3516960,3516960,2883907.2,633052.8,4.9,25-05-2026,Overdue,936965,90,-7.66,High,4249460,302978,UK,Annual
REV00435,CLT014,Griffith Ltd,PRJ003,Synergize World-Class Web-Readiness,INV00435,CON005,Aug-25,11-08-2025,4199053,USD,Deferred,Recurring,349921.08,4199053,4199053,3443223.46,755829.54,47.55,16-08-2025,Partial,445593,6,25.23,High,4998742,201882,India,Annual
REV00436,CLT040,"Torres, Hartman and Mills",PRJ017,Re-Intermediate Web-Enabled Metrics,INV00436,CON013,Feb-26,23-02-2026,3407162,INR,Recognized,Recurring,283930.17,3407162,3407162,2793872.84,613289.16,37.11,28-02-2026,Paid,143947,40,10.39,High,4278985,498857,UK,Monthly
REV00437,CLT036,Miller-Moore,PRJ003,Engage Rich Vortals,INV00437,CON023,Mar-26,27-03-2026,3669463,USD,Recognized,Recurring,305788.58,3669463,3669463,3008959.66,660503.34,36.44,01-04-2026,Overdue,315873,55,15.13,High,4412081,27869,USA,Annual
REV00438,CLT004,Montgomery Group,PRJ008,Seize Innovative Platforms,INV00438,CON008,May-26,15-05-2026,1891968,USD,Accrued,One-time,157664,1891968,1891968,1551413.76,340554.24,43.43,20-05-2026,Paid,55718,119,-12.86,Medium,2137646,34522,Singapore,Quarterly
REV00439,CLT039,Graves-Peterson,PRJ010,Optimize Clicks-And-Mortar Action-Items,INV00439,CON047,Oct-25,11-10-2025,76062,SGD,Recognized,One-time,6338.5,76062,76062,62370.84,13691.16,46.27,16-10-2025,Pending,6064,69,39.47,Low,94060,387496,Singapore,Annual
REV00440,CLT005,Mercer-Cline,PRJ006,Syndicate Interactive Experiences,INV00440,CON044,Feb-26,17-02-2026,131653,INR,Recognized,One-time,10971.08,131653,131653,107955.46,23697.54,15.16,22-02-2026,Overdue,23078,65,19.99,Low,157521,129766,India,Monthly
REV00441,CLT017,"Rivera, Anderson and Reese",PRJ016,Morph Compelling E-Tailers,INV00441,CON017,Aug-25,25-08-2025,3105880,INR,Accrued,Recurring,258823.33,3105880,3105880,2546821.6,559058.4,13.44,30-08-2025,Overdue,28439,110,6.16,High,3922872,467335,USA,Monthly
REV00442,CLT006,Gomez and Sons,PRJ007,Enhance One-To-One Partnerships,INV00442,CON059,Dec-25,30-12-2025,3219033,SGD,Deferred,One-time,268252.75,3219033,3219033,2639607.06,579425.94,42.64,04-01-2026,Overdue,574460,117,22.61,High,3906215,478355,Singapore,Quarterly
REV00443,CLT023,"Knox, Jones and Mitchell",PRJ010,Empower Proactive Infrastructures,INV00443,CON008,May-25,27-05-2025,119918,USD,Deferred,Recurring,9993.17,119918,119918,98332.76,21585.24,17.97,01-06-2025,Partial,44926,23,12.98,Low,131318,151929,UK,Quarterly
REV00444,CLT001,Joseph Group,PRJ002,Transform Seamless Platforms,INV00444,CON017,Jun-25,29-06-2025,1205268,INR,Recognized,Recurring,100439,1205268,1205268,988319.76,216948.24,32.64,04-07-2025,Partial,460703,41,32.12,Medium,1447042,403117,USA,Quarterly
REV00445,CLT020,"Simmons, Lewis and Wiggins",PRJ020,Repurpose Collaborative Niches,INV00445,CON020,Nov-25,04-11-2025,1503762,USD,Deferred,Recurring,125313.5,1503762,1503762,1233084.84,270677.16,3.27,09-11-2025,Partial,456986,91,37.56,Medium,1941829,72968,Singapore,Quarterly
REV00446,CLT033,Brown-Armstrong,PRJ012,Whiteboard Magnetic Initiatives,INV00446,CON030,May-26,01-05-2026,3021193,USD,Recognized,One-time,251766.08,3021193,3021193,2477378.26,543814.74,15.02,06-05-2026,Paid,978431,58,42.69,High,3590341,478443,India,Monthly
REV00447,CLT030,Pierce-Newman,PRJ017,Revolutionize Customized E-Commerce,INV00447,CON030,Jul-25,02-07-2025,505889,USD,Deferred,One-time,42157.42,505889,505889,414828.98,91060.02,45.87,07-07-2025,Paid,14337,39,34.79,Medium,629813,174841,Australia,Monthly
REV00448,CLT010,Stone-Brewer,PRJ010,Harness Distributed Mindshare,INV00448,CON041,Mar-26,09-03-2026,2657941,SGD,Accrued,Recurring,221495.08,2657941,2657941,2179511.62,478429.38,50.6,14-03-2026,Partial,1017024,84,26.27,High,2882304,18,India,Monthly
REV00449,CLT016,Bauer Ltd,PRJ018,Leverage Sticky Initiatives,INV00449,CON017,Jul-25,12-07-2025,3733688,SGD,Recognized,Recurring,311140.67,3733688,3733688,3061624.16,672063.84,6.14,17-07-2025,Partial,1294275,20,10.94,High,4632980,96892,Singapore,Quarterly
REV00450,CLT027,"Cannon, Young and Smith",PRJ014,Re-Contextualize Collaborative Architectures,INV00450,CON010,Jun-25,17-06-2025,284634,SGD,Deferred,Recurring,23719.5,284634,284634,233399.88,51234.12,35.3,22-06-2025,Paid,59910,20,18.85,Low,299806,158734,Australia,Quarterly
REV00451,CLT023,Murphy-Pacheco,PRJ017,Syndicate Best-Of-Breed E-Services,INV00451,CON025,Aug-25,25-08-2025,4353734,USD,Deferred,One-time,362811.17,4353734,4353734,3570061.88,783672.12,47.53,30-08-2025,Pending,365946,88,-5.92,High,5428148,295251,Singapore,Quarterly
REV00452,CLT038,Rodriguez-Randall,PRJ020,Engage Robust Interfaces,INV00452,CON054,Sep-25,09-09-2025,3437100,USD,Deferred,Recurring,286425,3437100,3437100,2818422,618678,46.19,14-09-2025,Paid,94223,8,36.12,High,3773089,50614,UK,Annual
REV00453,CLT005,"Bennett, Moore and Morse",PRJ015,Aggregate Bleeding-Edge E-Markets,INV00453,CON049,Nov-25,24-11-2025,3190041,SGD,Accrued,Recurring,265836.75,3190041,3190041,2615833.62,574207.38,2.59,29-11-2025,Partial,61780,27,4.27,High,4018232,197986,Australia,Monthly
REV00454,CLT007,Garcia-Taylor,PRJ007,Scale Leading-Edge Relationships,INV00454,CON003,May-26,20-05-2026,1229124,USD,Accrued,One-time,102427,1229124,1229124,1007881.68,221242.32,4.75,25-05-2026,Paid,2745,51,31.46,Medium,1500131,453242,Singapore,Monthly
REV00455,CLT005,Marshall-Davis,PRJ019,Benchmark B2C Schemas,INV00455,CON006,Jan-26,31-01-2026,1116967,INR,Deferred,One-time,93080.58,1116967,1116967,915912.94,201054.06,6.43,05-02-2026,Pending,271186,43,-8.95,Medium,1339928,26989,Singapore,Quarterly
REV00456,CLT008,"Johnson, Woods and Dalton",PRJ019,Transform Interactive Vortals,INV00456,CON031,Jun-25,25-06-2025,2256649,INR,Accrued,One-time,188054.08,2256649,2256649,1850452.18,406196.82,14.2,30-06-2025,Paid,31434,9,5.28,High,2546096,175395,Singapore,Annual
REV00457,CLT006,Hardy-Simmons,PRJ018,Synthesize Wireless Synergies,INV00457,CON031,Jul-25,12-07-2025,1136027,USD,Deferred,Recurring,94668.92,1136027,1136027,931542.14,204484.86,35.99,17-07-2025,Pending,379233,10,-8.76,Medium,1362072,118093,UK,Monthly
REV00458,CLT028,Mccarthy LLC,PRJ014,Empower Mission-Critical Relationships,INV00458,CON036,Dec-25,24-12-2025,1205702,INR,Deferred,Recurring,100475.17,1205702,1205702,988675.64,217026.36,45.09,29-12-2025,Pending,229613,20,38.83,Medium,1621380,192785,USA,Monthly
REV00459,CLT004,Parsons-Peterson,PRJ005,Synergize Front-End Relationships,INV00459,CON029,Oct-25,01-10-2025,1564927,INR,Deferred,One-time,130410.58,1564927,1564927,1283240.14,281686.86,28.13,06-10-2025,Pending,45843,45,5.98,Medium,1950779,128054,Australia,Annual
REV00460,CLT015,"Reed, Todd and Doyle",PRJ015,Leverage Seamless Paradigms,INV00460,CON046,May-26,24-05-2026,2589390,USD,Accrued,Recurring,215782.5,2589390,2589390,2123299.8,466090.2,4.73,29-05-2026,Pending,384757,104,18.08,High,3393890,128034,Australia,Monthly
REV00461,CLT008,Andrade LLC,PRJ012,Enhance Viral Solutions,INV00461,CON047,Mar-26,17-03-2026,1240857,INR,Recognized,One-time,103404.75,1240857,1240857,1017502.74,223354.26,49.37,22-03-2026,Paid,123262,94,11.42,Medium,1587375,499670,UK,Quarterly
REV00462,CLT003,"Arnold, French and Brown",PRJ008,Incentivize Virtual Portals,INV00462,CON014,Feb-26,18-02-2026,3232025,INR,Deferred,One-time,269335.42,3232025,3232025,2650260.5,581764.5,36.63,23-02-2026,Pending,904050,73,-11.86,High,3689500,283927,Australia,Annual
REV00463,CLT035,Brennan Inc,PRJ015,Scale Synergistic Methodologies,INV00463,CON028,Feb-26,05-02-2026,4853338,SGD,Recognized,Recurring,404444.83,4853338,4853338,3979737.16,873600.84,13.32,10-02-2026,Overdue,1191817,103,16.13,High,5332676,199906,Singapore,Quarterly
REV00464,CLT039,Martinez and Sons,PRJ001,Aggregate Proactive Markets,INV00464,CON008,Apr-26,30-04-2026,2624423,USD,Deferred,One-time,218701.92,2624423,2624423,2152026.86,472396.14,19.94,05-05-2026,Paid,554733,113,-4.27,High,3119959,230639,India,Annual
REV00465,CLT018,Bishop Ltd,PRJ009,Engineer Out-Of-The-Box Synergies,INV00465,CON056,Jun-25,23-06-2025,4201764,INR,Accrued,Recurring,350147,4201764,4201764,3445446.48,756317.52,43.48,28-06-2025,Paid,476932,85,-4.53,High,5510074,343921,India,Monthly
REV00466,CLT023,"Morgan, Wood and Wright",PRJ018,Orchestrate Web-Enabled Communities,INV00466,CON046,Feb-26,13-02-2026,425248,INR,Deferred,One-time,35437.33,425248,425248,348703.36,76544.64,6.07,18-02-2026,Paid,61524,49,-8.45,Low,511182,59340,Singapore,Annual
REV00467,CLT027,"Payne, Meyer and Heath",PRJ012,Orchestrate Distributed Infrastructures,INV00467,CON031,Feb-26,20-02-2026,2516779,INR,Recognized,One-time,209731.58,2516779,2516779,2063758.78,453020.22,19.62,25-02-2026,Paid,32670,25,7.1,High,2862236,78676,Australia,Annual
REV00468,CLT006,"Jackson, Patterson and Hansen",PRJ003,Productize Sticky Roi,INV00468,CON060,Oct-25,07-10-2025,1933922,SGD,Accrued,One-time,161160.17,1933922,1933922,1585816.04,348105.96,13.83,12-10-2025,Paid,527953,78,22.82,Medium,2456439,282574,India,Annual
REV00469,CLT024,Larson-Murphy,PRJ008,Aggregate Proactive Markets,INV00469,CON030,Apr-26,04-04-2026,2690871,USD,Accrued,Recurring,224239.25,2690871,2690871,2206514.22,484356.78,40.25,09-04-2026,Paid,505511,61,28.97,High,3535987,189729,Australia,Quarterly
REV00470,CLT038,Harris-Nelson,PRJ005,Aggregate Vertical Methodologies,INV00470,CON039,Sep-25,16-09-2025,2233378,SGD,Accrued,Recurring,186114.83,2233378,2233378,1831369.96,402008.04,5.65,21-09-2025,Partial,300820,48,3.83,High,2399656,220737,UK,Monthly
REV00471,CLT011,"Ferguson, Harris and Clark",PRJ003,Facilitate World-Class Content,INV00471,CON009,Sep-25,22-09-2025,4369269,SGD,Recognized,One-time,364105.75,4369269,4369269,3582800.58,786468.42,20.24,27-09-2025,Partial,813934,120,10.34,High,4754795,365391,USA,Quarterly
REV00472,CLT028,Villa and Sons,PRJ010,Syndicate Robust Bandwidth,INV00472,CON049,Nov-25,06-11-2025,4052255,INR,Accrued,One-time,337687.92,4052255,4052255,3322849.1,729405.9,7.03,11-11-2025,Paid,282288,98,-3.99,High,5186022,480427,India,Annual
REV00473,CLT037,"Stokes, Ellis and Miller",PRJ017,Syndicate Best-Of-Breed Web-Readiness,INV00473,CON058,Sep-25,07-09-2025,4455643,INR,Recognized,Recurring,371303.58,4455643,4455643,3653627.26,802015.74,17.94,12-09-2025,Pending,1065831,113,40.68,High,5059726,201362,Singapore,Quarterly
REV00474,CLT011,Robinson and Sons,PRJ010,Scale Sticky Applications,INV00474,CON059,Jul-25,29-07-2025,2226248,INR,Accrued,Recurring,185520.67,2226248,2226248,1825523.36,400724.64,16.4,03-08-2025,Paid,790069,18,40.47,High,2782654,73926,Australia,Monthly
REV00475,CLT029,Holder-Ross,PRJ017,Visualize Synergistic Platforms,INV00475,CON009,Jun-25,08-06-2025,3857164,USD,Recognized,Recurring,321430.33,3857164,3857164,3162874.48,694289.52,31.66,13-06-2025,Overdue,229879,96,27.38,High,5027517,232996,USA,Quarterly
REV00476,CLT033,"Bauer, Myers and Olson",PRJ003,Maximize End-To-End Networks,INV00476,CON046,Apr-26,03-04-2026,2690817,SGD,Accrued,Recurring,224234.75,2690817,2690817,2206469.94,484347.06,47.57,08-04-2026,Partial,908858,17,40.94,High,3466469,166475,India,Monthly
REV00477,CLT019,"Dalton, Wood and Wright",PRJ005,Evolve Strategic E-Commerce,INV00477,CON013,Aug-25,08-08-2025,794167,SGD,Recognized,One-time,66180.58,794167,794167,651216.94,142950.06,9.65,13-08-2025,Partial,112296,5,11.06,Medium,950782,320453,Singapore,Annual
REV00478,CLT026,Watts and Sons,PRJ020,Facilitate Cutting-Edge Systems,INV00478,CON023,Apr-26,24-04-2026,4608481,USD,Deferred,Recurring,384040.08,4608481,4608481,3778954.42,829526.58,24.53,29-04-2026,Pending,619534,17,-1.86,High,6170183,470191,UK,Annual
REV00479,CLT032,"Turner, Santos and Doyle",PRJ020,Expedite Efficient Info-Mediaries,INV00479,CON027,Oct-25,27-10-2025,2020148,INR,Deferred,One-time,168345.67,2020148,2020148,1656521.36,363626.64,49.39,01-11-2025,Overdue,305062,39,15.45,High,2660420,410427,Australia,Annual
REV00480,CLT003,Hubbard-Moody,PRJ010,Expedite Cross-Platform Systems,INV00480,CON029,Oct-25,23-10-2025,3487748,SGD,Deferred,Recurring,290645.67,3487748,3487748,2859953.36,627794.64,34.99,28-10-2025,Paid,1200631,117,-5.01,High,3877888,327830,Australia,Annual
REV00481,CLT004,Case-Curtis,PRJ017,Re-Intermediate Frictionless Solutions,INV00481,CON014,Nov-25,16-11-2025,3087496,USD,Deferred,One-time,257291.33,3087496,3087496,2531746.72,555749.28,6.86,21-11-2025,Partial,416158,25,35.29,High,3608226,376344,Singapore,Quarterly
REV00482,CLT011,Berg-Kelly,PRJ010,Benchmark Scalable E-Tailers,INV00482,CON020,Oct-25,06-10-2025,253376,USD,Recognized,One-time,21114.67,253376,253376,207768.32,45607.68,36.71,11-10-2025,Paid,82779,103,26.28,Low,268612,393171,UK,Monthly
REV00483,CLT026,"Williams, Buckley and Bush",PRJ007,Facilitate E-Business Partnerships,INV00483,CON054,Oct-25,08-10-2025,2668837,INR,Accrued,One-time,222403.08,2668837,2668837,2188446.34,480390.66,20.2,13-10-2025,Partial,891609,70,29.61,High,3044198,240598,USA,Quarterly
REV00484,CLT025,Williams-Lopez,PRJ001,Transform Real-Time Infrastructures,INV00484,CON032,Oct-25,05-10-2025,3352135,INR,Deferred,One-time,279344.58,3352135,3352135,2748750.7,603384.3,22.78,10-10-2025,Overdue,1146264,96,-8.5,High,3745066,13050,UK,Annual
REV00485,CLT006,"Moore, Logan and Brown",PRJ005,Unleash Innovative Models,INV00485,CON026,Dec-25,18-12-2025,4022128,USD,Deferred,One-time,335177.33,4022128,4022128,3298144.96,723983.04,17.94,23-12-2025,Overdue,1516308,112,19,High,4503693,402343,UK,Monthly
REV00486,CLT016,"Simon, Ford and Maldonado",PRJ011,Transition Back-End E-Tailers,INV00486,CON030,Aug-25,30-08-2025,4101666,USD,Deferred,Recurring,341805.5,4101666,4101666,3363366.12,738299.88,19.14,04-09-2025,Paid,1163515,114,29.38,High,5208790,482990,India,Monthly
REV00487,CLT034,Rodriguez Ltd,PRJ016,Extend Cross-Platform Initiatives,INV00487,CON009,Dec-25,09-12-2025,4639282,SGD,Accrued,One-time,386606.83,4639282,4639282,3804211.24,835070.76,28.17,14-12-2025,Pending,837614,6,2.81,High,5477339,154257,USA,Annual
REV00488,CLT009,"Barrett, Jones and Nguyen",PRJ006,Strategize Clicks-And-Mortar Convergence,INV00488,CON034,Jan-26,15-01-2026,4025113,SGD,Recognized,Recurring,335426.08,4025113,4025113,3300592.66,724520.34,50.6,20-01-2026,Pending,666240,58,-4.25,High,4794505,2937,Singapore,Annual
REV00489,CLT001,Kim-Jacobs,PRJ007,Cultivate B2B Supply-Chains,INV00489,CON018,Oct-25,26-10-2025,2433938,USD,Accrued,Recurring,202828.17,2433938,2433938,1995829.16,438108.84,8.1,31-10-2025,Overdue,955788,116,10.57,High,3088173,192557,Australia,Monthly
REV00490,CLT037,Rocha-Buck,PRJ019,Target 24/365 Schemas,INV00490,CON039,Feb-26,27-02-2026,2375636,INR,Recognized,Recurring,197969.67,2375636,2375636,1948021.52,427614.48,7.76,04-03-2026,Partial,773078,116,21.95,High,3142417,109736,Singapore,Annual
REV00491,CLT031,Lara-Pope,PRJ011,Disintermediate Dot-Com Solutions,INV00491,CON020,May-26,17-05-2026,4247450,USD,Accrued,One-time,353954.17,4247450,4247450,3482909,764541,5.46,22-05-2026,Overdue,245988,35,18.61,High,4940603,202128,USA,Annual
REV00492,CLT017,Simpson-Hess,PRJ004,Transform Open-Source Methodologies,INV00492,CON036,Jul-25,14-07-2025,3702512,SGD,Recognized,Recurring,308542.67,3702512,3702512,3036059.84,666452.16,6.18,19-07-2025,Pending,730187,27,-13.48,High,4293825,244357,UK,Quarterly
REV00493,CLT024,"Rhodes, Weber and Guerra",PRJ009,Integrate Vertical Functionalities,INV00493,CON033,Oct-25,15-10-2025,159005,SGD,Deferred,Recurring,13250.42,159005,159005,130384.1,28620.9,20.72,20-10-2025,Paid,17893,9,23.83,Low,197564,208820,USA,Annual
REV00494,CLT007,Oliver Inc,PRJ002,Orchestrate Collaborative Bandwidth,INV00494,CON024,Mar-26,01-03-2026,291902,INR,Recognized,Recurring,24325.17,291902,291902,239359.64,52542.36,17.66,06-03-2026,Partial,93495,24,27.34,Low,321989,446139,UK,Quarterly
REV00495,CLT038,"Lewis, Petty and Higgins",PRJ012,Aggregate Revolutionary E-Business,INV00495,CON034,Jun-25,16-06-2025,168876,SGD,Recognized,Recurring,14073,168876,168876,138478.32,30397.68,13.06,21-06-2025,Partial,54575,112,25.06,Low,180434,101156,USA,Quarterly
REV00496,CLT022,"Wallace, Velasquez and Porter",PRJ015,Streamline Mission-Critical Channels,INV00496,CON037,Jul-25,08-07-2025,772219,INR,Accrued,Recurring,64351.58,772219,772219,633219.58,138999.42,4.34,13-07-2025,Paid,242748,16,-8.02,Medium,831809,382494,USA,Monthly
REV00497,CLT013,"Walker, White and Brown",PRJ005,Implement E-Business Users,INV00497,CON020,Feb-26,12-02-2026,497408,INR,Deferred,Recurring,41450.67,497408,497408,407874.56,89533.44,26.84,17-02-2026,Overdue,185051,41,-4.32,Low,543233,165434,Singapore,Monthly
REV00498,CLT029,Yates-Walker,PRJ006,Streamline Visionary Vortals,INV00498,CON003,Feb-26,07-02-2026,4959206,SGD,Recognized,One-time,413267.17,4959206,4959206,4066548.92,892657.08,31.33,12-02-2026,Pending,326535,73,19.12,High,6685637,227464,USA,Annual
REV00499,CLT012,Boyer-Heath,PRJ016,Enhance Enterprise Partnerships,INV00499,CON009,Mar-26,07-03-2026,3969550,USD,Accrued,One-time,330795.83,3969550,3969550,3255031,714519,13.41,12-03-2026,Paid,677361,52,18.83,High,4951979,472527,India,Monthly
REV00500,CLT012,"Walls, Smith and Harvey",PRJ001,Leverage Interactive Roi,INV00500,CON029,May-26,05-05-2026,3878943,USD,Accrued,One-time,323245.25,3878943,3878943,3180733.26,698209.74,12.08,10-05-2026,Partial,1207886,93,11.1,High,4537587,437306,USA,Quarterly
